region,locale,administrative_area,site,area,plot_type,plot_ID,latitude,longitude,easting,northing,measurement_date,time,landscape_position,chamber_type,flux_CO2,flux_CO2_se,flux_CO2_Pvalue,flux_CO2_Rsquared,flux_CH4,flux_CH4_se,CH4_Pvalue,CH4_Rsquared,instrument
Seward_Peninsula,Council,NA,CN_MM71,CN_MM71_BGC,Biogeochemistry,BGC_1,64.85995,-163.70358,561451,7193476,2016-08-03,17:25,upland,Opq,2.464,0.027,7.45e-154,0.979,-0.059,0.008,5.49e-12,0.228,LGR
Seward_Peninsula,Council,NA,CN_MM71,CN_MM71_BGC,Biogeochemistry,BGC_1,64.85995,-163.70358,561451,7193476,2016-08-03,17:19,upland,Trns,1.12,0.01,1.44e-116,0.991,-0.16,0.02,2.18e-12,0.349,LGR
Seward_Peninsula,Council,NA,CN_MM71,CN_MM71_BGC,Biogeochemistry,BGC_10,64.85963,-163.69995,561624,7193444,2016-08-03,15:02,upland,Trns,-0.844,0.017,2.94e-80,0.954,-0.74,0.033,1.12e-43,0.806,LGR
Seward_Peninsula,Council,NA,CN_MM71,CN_MM71_BGC,Biogeochemistry,BGC_10,64.85963,-163.69995,561624,7193444,2016-08-03,15:12,upland,Opq,1.624,0.013,3.52e-182,0.988,-0.416,0.011,2.09e-87,0.879,LGR
Seward_Peninsula,Council,NA,CN_MM71,CN_MM71_BGC,Biogeochemistry,BGC_11,64.85941,-163.70348,561457,7193416,2016-08-03,14:59,slope,Trns,-0.485,0.005,2.12e-149,0.983,146.418,0.24,1.28e-281,1,LGR
Seward_Peninsula,Council,NA,CN_MM71,CN_MM71_BGC,Biogeochemistry,BGC_11,64.85941,-163.70348,561457,7193416,2016-08-03,15:18,slope,Opq,1.082,0.003,1.33e-258,0.998,139.19,0.192,8.15056736297913e-317,1,LGR
Seward_Peninsula,Council,NA,CN_MM71,CN_MM71_BGC,Biogeochemistry,BGC_12,64.85974,-163.69836,561699,7193458,2016-08-03,14:05,lowland,Trns,-0.541,0.006,4.94e-125,0.98,1.145,0.016,1.41e-112,0.971,LGR
Seward_Peninsula,Council,NA,CN_MM71,CN_MM71_BGC,Biogeochemistry,BGC_12,64.85974,-163.69836,561699,7193458,2016-08-03,14:13,lowland,Opq,1.985,0.006,2.96e-206,0.999,1.037,0.018,4.98e-100,0.959,LGR
Seward_Peninsula,Council,NA,CN_MM71,CN_MM71_BGC,Biogeochemistry,BGC_14,64.86012,-163.69757,561736,7193501,2016-08-03,14:25,upland,Opq,3.346,0.013,4.02e-200,0.998,-2.43,0.016,2.97e-166,0.993,LGR
Seward_Peninsula,Council,NA,CN_MM71,CN_MM71_BGC,Biogeochemistry,BGC_14,64.86012,-163.69757,561736,7193501,2016-08-03,13:54,upland,Trns,1.333,0.007,2.26e-147,0.997,-1.438,0.016,9.2e-109,0.986,LGR
Seward_Peninsula,Council,NA,CN_MM71,CN_MM71_BGC,Biogeochemistry,BGC_15,64.85999,-163.69698,561764,7193487,2016-08-03,14:38,upland,Opq,1.123,0.006,5.33e-173,0.996,0.086,0.007,1.99e-23,0.501,LGR
Seward_Peninsula,Council,NA,CN_MM71,CN_MM71_BGC,Biogeochemistry,BGC_15,64.85999,-163.69698,561764,7193487,2016-08-03,13:43,upland,Trns,-0.578,0.008,2.67e-138,0.966,0.17,0.004,6.1e-99,0.909,LGR
Seward_Peninsula,Council,NA,CN_MM71,CN_MM71_BGC,Biogeochemistry,BGC_16,64.85915,-163.69208,561998,7193398,2016-08-03,18:50,slope,Trns,0.418,0.004,3.59e-192,0.983,0.784,0.005,9.12e-225,0.992,LGR
Seward_Peninsula,Council,NA,CN_MM71,CN_MM71_BGC,Biogeochemistry,BGC_16,64.85915,-163.69208,561998,7193398,2016-08-03,18:59,slope,Opq,1.438,0.003,0,0.999,0.727,0.004,5.89e-262,0.992,LGR
Seward_Peninsula,Council,NA,CN_MM71,CN_MM71_BGC,Biogeochemistry,BGC_2,64.85983,-163.70351,561455,7193463,2016-08-03,17:07,slope,Opq,2.523,0.016,1.33e-164,0.994,-0.086,0.016,4.16e-07,0.156,LGR
Seward_Peninsula,Council,NA,CN_MM71,CN_MM71_BGC,Biogeochemistry,BGC_2,64.85983,-163.70351,561455,7193463,2016-08-03,16:59,slope,Trns,1.11,0.01,1.18e-177,0.985,0.053,0.013,4.48e-05,0.079,LGR
Seward_Peninsula,Council,NA,CN_MM71,CN_MM71_BGC,Biogeochemistry,BGC_4,64.85978,-163.69829,561702,7193462,2016-08-03,16:34,upland,Trns,-0.398,0.001,9.97e-301,0.997,20.358,0.086,7.2e-278,0.996,LGR
Seward_Peninsula,Council,NA,CN_MM71,CN_MM71_BGC,Biogeochemistry,BGC_4,64.85978,-163.69829,561702,7193462,2016-08-03,16:41,upland,Opq,0.778,0.005,5.72e-220,0.993,8.075,0.028,3.23e-264,0.998,LGR
Seward_Peninsula,Council,NA,CN_MM71,CN_MM71_BGC,Biogeochemistry,BGC_5,64.85936,-163.70338,561462,7193410,2016-08-03,16:17,slope,Opq,2.224,0.007,3.33e-222,0.998,-0.686,0.019,5.33e-80,0.894,LGR
Seward_Peninsula,Council,NA,CN_MM71,CN_MM71_BGC,Biogeochemistry,BGC_5,64.85936,-163.70338,561462,7193410,2016-08-03,16:04,slope,Trns,1.116,0.008,7.54e-166,0.991,-0.184,0.017,7.3e-21,0.418,LGR
Seward_Peninsula,Council,NA,CN_MM71,CN_MM71_BGC,Biogeochemistry,BGC_6,64.85941,-163.70335,561464,7193416,2016-08-03,16:12,lowland,Opq,0.89,0.003,1.04e-214,0.998,-0.013,0.009,0.176,0.005,LGR
Seward_Peninsula,Council,NA,CN_MM71,CN_MM71_BGC,Biogeochemistry,BGC_6,64.85941,-163.70335,561464,7193416,2016-08-03,15:59,lowland,Trns,0.703,0.002,7.15e-226,0.998,-0.154,0.007,8.64e-48,0.716,LGR
Seward_Peninsula,Council,NA,CN_MM71,CN_MM71_BGC,Biogeochemistry,BGC_9,64.85976,-163.70061,561593,7193458,2016-08-03,15:33,upland,Trns,-0.501,0.011,2.05e-56,0.963,-0.311,0.02,9.73e-26,0.764,LGR
Seward_Peninsula,Council,NA,CN_MM71,CN_MM71_BGC,Biogeochemistry,BGC_9,64.85976,-163.70061,561593,7193458,2016-08-03,15:39,upland,Opq,1.027,0.003,5.19e-226,0.999,0.036,0.007,2.09e-07,0.154,LGR
Seward_Peninsula,Council,NA,CN_MM71,CN_MM71_BGC,Biogeochemistry,BGC_1,64.85995,-163.70358,561451,7193476,2016-08-04,15:07,upland,Trns,-0.27,0.005,8.74e-108,0.959,-0.336,0.015,2.77e-50,0.768,LGR
Seward_Peninsula,Council,NA,CN_MM71,CN_MM71_BGC,Biogeochemistry,BGC_1,64.85995,-163.70358,561451,7193476,2016-08-04,15:11,upland,Opq,1.591,0.006,1.86e-215,0.998,-0.027,0.009,0.00228,0.05,LGR
Seward_Peninsula,Council,NA,CN_MM71,CN_MM71_BGC,Biogeochemistry,BGC_10,64.85963,-163.69995,561624,7193444,2016-08-04,16:59,upland,Trns,0.534,0.004,3.78e-182,0.992,-0.823,0.009,4.79e-145,0.979,LGR
Seward_Peninsula,Council,NA,CN_MM71,CN_MM71_BGC,Biogeochemistry,BGC_10,64.85963,-163.69995,561624,7193444,2016-08-04,17:06,upland,Opq,1.569,0.004,4.99e-183,0.999,-0.74,0.015,3.73e-79,0.957,LGR
Seward_Peninsula,Council,NA,CN_MM71,CN_MM71_BGC,Biogeochemistry,BGC_11,64.85941,-163.70348,561457,7193416,2016-08-04,17:12,slope,Trns,-2.178,0.01,7.98e-192,0.997,177.907,0.185,2.04e-289,1,LGR
Seward_Peninsula,Council,NA,CN_MM71,CN_MM71_BGC,Biogeochemistry,BGC_11,64.85941,-163.70348,561457,7193416,2016-08-04,17:18,slope,Opq,0.839,0.003,2.22e-217,0.999,126.339,0.938,5.08e-160,0.992,LGR
Seward_Peninsula,Council,NA,CN_MM71,CN_MM71_BGC,Biogeochemistry,BGC_12,64.85974,-163.69836,561699,7193458,2016-08-04,17:34,lowland,Opq,1.822,0.006,4.31e-221,0.998,0.864,0.024,2.96e-76,0.888,LGR
Seward_Peninsula,Council,NA,CN_MM71,CN_MM71_BGC,Biogeochemistry,BGC_12,64.85974,-163.69836,561699,7193458,2016-08-04,17:29,lowland,Trns,-0.631,0.006,1.44e-90,0.991,-0.018,0.032,0.584,-0.008,LGR
Seward_Peninsula,Council,NA,CN_MM71,CN_MM71_BGC,Biogeochemistry,BGC_13,64.8597,-163.70341,561460,7193448,2016-08-04,17:45,upland,Trns,-1.74,0.009,1.78e-240,0.994,85.875,0.462,6.22e-236,0.994,LGR
Seward_Peninsula,Council,NA,CN_MM71,CN_MM71_BGC,Biogeochemistry,BGC_13,64.8597,-163.70341,561460,7193448,2016-08-04,17:52,upland,Opq,0.83,0.004,4.23e-243,0.995,52.313,0.424,1.04e-198,0.986,LGR
Seward_Peninsula,Council,NA,CN_MM71,CN_MM71_BGC,Biogeochemistry,BGC_14,64.86012,-163.69757,561736,7193501,2016-08-04,18:18,upland,Trns,1.18,0.005,1.37e-148,0.998,-2.02,0.017,3.86e-120,0.992,LGR
Seward_Peninsula,Council,NA,CN_MM71,CN_MM71_BGC,Biogeochemistry,BGC_14,64.86012,-163.69757,561736,7193501,2016-08-04,18:23,upland,Opq,1.107,0.01,3.46e-149,0.987,-1.058,0.02,4.11e-101,0.945,LGR
Seward_Peninsula,Council,NA,CN_MM71,CN_MM71_BGC,Biogeochemistry,BGC_15,64.85999,-163.69698,561764,7193487,2016-08-04,18:35,upland,Opq,0.688,0.004,3.61e-193,0.996,0.082,0.006,9.1e-31,0.561,LGR
Seward_Peninsula,Council,NA,CN_MM71,CN_MM71_BGC,Biogeochemistry,BGC_15,64.85999,-163.69698,561764,7193487,2016-08-04,18:30,upland,Trns,-14.883,1.254,8.14e-20,0.617,-69.768,6.161,9.95e-19,0.594,LGR
Seward_Peninsula,Council,NA,CN_MM71,CN_MM71_BGC,Biogeochemistry,BGC_16,64.85915,-163.69208,561998,7193398,2016-08-04,14:02,slope,Trns,-1.669,0.331,1.45e-06,0.154,-5.318,1.624,0.00135,0.068,LGR
Seward_Peninsula,Council,NA,CN_MM71,CN_MM71_BGC,Biogeochemistry,BGC_16,64.85915,-163.69208,561998,7193398,2016-08-04,14:07,slope,Opq,0.618,0.003,2.91e-160,0.997,0.464,0.01,5.62e-79,0.944,LGR
Seward_Peninsula,Council,NA,CN_MM71,CN_MM71_BGC,Biogeochemistry,BGC_17,64.85904,-163.69142,562030,7193386,2016-08-04,13:53,lowland,Opq,1.352,0.011,9.15e-122,0.992,0.348,0.024,2.96e-27,0.64,LGR
Seward_Peninsula,Council,NA,CN_MM71,CN_MM71_BGC,Biogeochemistry,BGC_17,64.85904,-163.69142,562030,7193386,2016-08-04,13:47,lowland,Trns,-0.484,0.007,1e-101,0.975,0.727,0.015,6.1e-84,0.952,LGR
Seward_Peninsula,Council,NA,CN_MM71,CN_MM71_BGC,Biogeochemistry,BGC_18,64.85911,-163.69101,562049,7193395,2016-08-04,13:39,upland,Opq,0.855,0.005,2.53e-165,0.994,-0.265,0.006,1.09e-89,0.936,LGR
Seward_Peninsula,Council,NA,CN_MM71,CN_MM71_BGC,Biogeochemistry,BGC_18,64.85911,-163.69101,562049,7193395,2016-08-04,13:32,upland,Trns,0.001,0.004,0.713,-0.005,-0.429,0.005,1.54e-145,0.971,LGR
Seward_Peninsula,Council,NA,CN_MM71,CN_MM71_BGC,Biogeochemistry,BGC_19,64.85921,-163.69075,562061,7193406,2016-08-04,13:01,slope,Opq,3.22,0.012,4.08e-231,0.997,-0.244,0.01,4.74e-57,0.761,LGR
Seward_Peninsula,Council,NA,CN_MM71,CN_MM71_BGC,Biogeochemistry,BGC_19,64.85921,-163.69075,562061,7193406,2016-08-04,12:55,slope,Trns,0.882,0.006,4.81e-150,0.993,-0.442,0.014,1.38e-64,0.88,LGR
Seward_Peninsula,Council,NA,CN_MM71,CN_MM71_BGC,Biogeochemistry,BGC_2,64.85983,-163.70351,561455,7193463,2016-08-04,15:20,slope,Trns,1.545,0.01,7.7e-134,0.995,-0.392,0.014,7.9e-52,0.864,LGR
Seward_Peninsula,Council,NA,CN_MM71,CN_MM71_BGC,Biogeochemistry,BGC_2,64.85983,-163.70351,561455,7193463,2016-08-04,15:24,slope,Opq,1.455,0.016,1.32e-123,0.983,-0.183,0.013,5.54e-28,0.58,LGR
Seward_Peninsula,Council,NA,CN_MM71,CN_MM71_BGC,Biogeochemistry,BGC_20,64.85937,-163.69061,562067,7193424,2016-08-04,13:17,lowland,Opq,1.594,0.002,2.44918221956423e-319,1,30.782,0.038,0,1,LGR
Seward_Peninsula,Council,NA,CN_MM71,CN_MM71_BGC,Biogeochemistry,BGC_20,64.85937,-163.69061,562067,7193424,2016-08-04,13:09,lowland,Trns,0.169,0.001,1.36e-263,0.994,28.578,0.039,0,1,LGR
Seward_Peninsula,Council,NA,CN_MM71,CN_MM71_BGC,Biogeochemistry,BGC_3,64.86009,-163.69769,561730,7193497,2016-08-04,15:38,lowland,Opq,0.725,0.004,1.36e-220,0.995,36.551,0.241,1.36e-202,0.992,LGR
Seward_Peninsula,Council,NA,CN_MM71,CN_MM71_BGC,Biogeochemistry,BGC_3,64.86009,-163.69769,561730,7193497,2016-08-04,15:33,lowland,Trns,-0.859,0.003,4.86e-216,0.998,53.348,0.193,1.8e-208,0.998,LGR
Seward_Peninsula,Council,NA,CN_MM71,CN_MM71_BGC,Biogeochemistry,BGC_4,64.85978,-163.69829,561702,7193462,2016-08-04,15:57,upland,Opq,0.585,0.003,2.35e-194,0.997,30.953,0.341,1.04e-135,0.982,LGR
Seward_Peninsula,Council,NA,CN_MM71,CN_MM71_BGC,Biogeochemistry,BGC_4,64.85978,-163.69829,561702,7193462,2016-08-04,15:50,upland,Trns,-0.002,0.001,0.0912,0.011,23.919,0.073,6.33e-242,0.998,LGR
Seward_Peninsula,Council,NA,CN_MM71,CN_MM71_BGC,Biogeochemistry,BGC_5,64.85936,-163.70338,561462,7193410,2016-08-04,16:23,slope,Opq,0.708,0.01,1.7e-116,0.968,-0.134,0.011,1.4e-23,0.478,LGR
Seward_Peninsula,Council,NA,CN_MM71,CN_MM71_BGC,Biogeochemistry,BGC_5,64.85936,-163.70338,561462,7193410,2016-08-04,16:05,slope,Trns,0.432,0.008,6.59e-132,0.925,-0.235,0.009,5.91e-68,0.731,LGR
Seward_Peninsula,Council,NA,CN_MM71,CN_MM71_BGC,Biogeochemistry,BGC_6,64.85941,-163.70335,561464,7193416,2016-08-04,16:28,lowland,Opq,0.362,0.004,7.16e-115,0.985,-0.139,0.007,5.37e-42,0.773,LGR
Seward_Peninsula,Council,NA,CN_MM71,CN_MM71_BGC,Biogeochemistry,BGC_6,64.85941,-163.70335,561464,7193416,2016-08-04,16:13,lowland,Trns,0.382,0.002,1.09e-182,0.994,-0.247,0.005,4.73e-98,0.933,LGR
Seward_Peninsula,Council,NA,CN_MM71,CN_MM71_BGC,Biogeochemistry,BGC_9,64.85976,-163.70061,561593,7193458,2016-08-04,16:46,upland,Opq,0.561,0.002,1.92e-200,0.998,-0.015,0.004,0.00061,0.071,LGR
Seward_Peninsula,Council,NA,CN_MM71,CN_MM71_BGC,Biogeochemistry,BGC_9,64.85976,-163.70061,561593,7193458,2016-08-04,16:42,upland,Trns,-0.634,0.012,1.73e-73,0.966,-0.344,0.007,9.44e-69,0.958,LGR
Seward_Peninsula,Council,NA,CN_MM71,CN_MM71_BGC,Biogeochemistry,BGC_1,64.85995,-163.70358,561451,7193476,2016-09-14,10:46,upland,Opq,0.301,0.001,1.45e-288,0.995,0.118,0.005,8.33e-62,0.673,LGR
Seward_Peninsula,Council,NA,CN_MM71,CN_MM71_BGC,Biogeochemistry,BGC_1,64.85995,-163.70358,561451,7193476,2016-09-14,10:46,upland,Trns,-0.24,0.002,1.01e-176,0.98,0.032,0.007,1.37e-05,0.083,LGR
Seward_Peninsula,Council,NA,CN_MM71,CN_MM71_BGC,Biogeochemistry,BGC_10,64.85963,-163.69995,561624,7193444,2016-09-14,12:57,upland,Opq,0.856,0.007,2.01e-181,0.987,-1.023,0.012,1.27e-153,0.974,LGR
Seward_Peninsula,Council,NA,CN_MM71,CN_MM71_BGC,Biogeochemistry,BGC_10,64.85963,-163.69995,561624,7193444,2016-09-14,12:57,upland,Trns,0.309,0.003,3.24e-154,0.983,-1.67,0.016,4.77e-159,0.985,LGR
Seward_Peninsula,Council,NA,CN_MM71,CN_MM71_BGC,Biogeochemistry,BGC_11,64.85941,-163.70348,561457,7193416,2016-09-14,13:15,slope,Opq,0.702,0.002,0,0.998,122.7,0.087,0,1,LGR
Seward_Peninsula,Council,NA,CN_MM71,CN_MM71_BGC,Biogeochemistry,BGC_11,64.85941,-163.70348,561457,7193416,2016-09-14,13:15,slope,Trns,0.515,0.028,3.52e-50,0.548,152.201,0.48,0,0.997,LGR
Seward_Peninsula,Council,NA,CN_MM71,CN_MM71_BGC,Biogeochemistry,BGC_12,64.85974,-163.69836,561699,7193458,2016-09-14,13:44,lowland,Opq,0.661,0.002,0,0.998,2.25,0.012,8.38e-299,0.992,LGR
Seward_Peninsula,Council,NA,CN_MM71,CN_MM71_BGC,Biogeochemistry,BGC_12,64.85974,-163.69836,561699,7193458,2016-09-14,13:44,lowland,Trns,0.255,0.005,2.28e-112,0.939,2.07,0.016,4.35e-178,0.989,LGR
Seward_Peninsula,Council,NA,CN_MM71,CN_MM71_BGC,Biogeochemistry,BGC_13,64.8597,-163.70341,561460,7193448,2016-09-14,14:04,upland,Opq,0.936,0.004,0,0.994,177.737,1.075,2.18e-280,0.99,LGR
Seward_Peninsula,Council,NA,CN_MM71,CN_MM71_BGC,Biogeochemistry,BGC_13,64.8597,-163.70341,561460,7193448,2016-09-14,14:04,upland,Trns,-2.356,0.007,1.25093627102844e-316,0.998,249.254,0.383,0,0.999,LGR
Seward_Peninsula,Council,NA,CN_MM71,CN_MM71_BGC,Biogeochemistry,BGC_14,64.86012,-163.69757,561736,7193501,2016-09-14,14:25,upland,Trns,0.265,0.001,4.73e-304,0.992,-1.017,0.008,1.83e-260,0.984,LGR
Seward_Peninsula,Council,NA,CN_MM71,CN_MM71_BGC,Biogeochemistry,BGC_14,64.86012,-163.69757,561736,7193501,2016-09-14,14:25,upland,Opq,0.363,0.002,2.51e-254,0.992,-0.817,0.009,1.15e-189,0.972,LGR
Seward_Peninsula,Council,NA,CN_MM71,CN_MM71_BGC,Biogeochemistry,BGC_15,64.85999,-163.69698,561764,7193487,2016-09-14,14:41,upland,Opq,0.244,0.001,2.86558074587923e-322,0.997,0.338,0.003,2.13e-215,0.978,LGR
Seward_Peninsula,Council,NA,CN_MM71,CN_MM71_BGC,Biogeochemistry,BGC_15,64.85999,-163.69698,561764,7193487,2016-09-14,14:41,upland,Trns,-0.256,0.002,4.73e-252,0.989,0.243,0.006,1.81e-119,0.878,LGR
Seward_Peninsula,Council,NA,CN_MM71,CN_MM71_BGC,Biogeochemistry,BGC_2,64.85983,-163.70351,561455,7193463,2016-09-14,11:00,slope,Trns,0.152,0.002,5.46e-147,0.97,1.217,0.009,5.92e-195,0.99,LGR
Seward_Peninsula,Council,NA,CN_MM71,CN_MM71_BGC,Biogeochemistry,BGC_2,64.85983,-163.70351,561455,7193463,2016-09-14,11:00,slope,Opq,0.594,0.005,1.79e-243,0.98,1.651,0.011,6.72e-274,0.988,LGR
Seward_Peninsula,Council,NA,CN_MM71,CN_MM71_BGC,Biogeochemistry,BGC_20,64.85937,-163.69061,562067,7193424,2016-09-14,15:20,lowland,Opq,1.758,0.008,4.1e-234,0.996,74.444,0.178,1.05e-284,0.999,LGR
Seward_Peninsula,Council,NA,CN_MM71,CN_MM71_BGC,Biogeochemistry,BGC_20,64.85937,-163.69061,562067,7193424,2016-09-14,15:20,lowland,Trns,-0.34,0.002,5.01e-250,0.995,66.9,0.044,0,1,LGR
Seward_Peninsula,Council,NA,CN_MM71,CN_MM71_BGC,Biogeochemistry,BGC_3,64.86009,-163.69769,561730,7193497,2016-09-14,11:15,lowland,Opq,0.482,0.002,2.61e-286,0.997,39.924,0.135,5.09e-299,0.997,LGR
Seward_Peninsula,Council,NA,CN_MM71,CN_MM71_BGC,Biogeochemistry,BGC_3,64.86009,-163.69769,561730,7193497,2016-09-14,11:15,lowland,Trns,0.009,0.002,9.43e-07,0.096,39.983,0.053,0,1,LGR
Seward_Peninsula,Council,NA,CN_MM71,CN_MM71_BGC,Biogeochemistry,BGC_4,64.85978,-163.69829,561702,7193462,2016-09-14,11:35,upland,Opq,0.52,0.002,0,0.996,52.536,0.106,0,0.999,LGR
Seward_Peninsula,Council,NA,CN_MM71,CN_MM71_BGC,Biogeochemistry,BGC_4,64.85978,-163.69829,561702,7193462,2016-09-14,11:35,upland,Trns,-0.002,0.002,0.227,0.002,69.095,0.081,0,1,LGR
Seward_Peninsula,Council,NA,CN_MM71,CN_MM71_BGC,Biogeochemistry,BGC_5,64.85936,-163.70338,561462,7193410,2016-09-14,11:53,slope,Trns,0.294,0.002,1.37e-292,0.989,1.82,0.013,1.02e-271,0.985,LGR
Seward_Peninsula,Council,NA,CN_MM71,CN_MM71_BGC,Biogeochemistry,BGC_5,64.85936,-163.70338,561462,7193410,2016-09-14,11:53,slope,Opq,0.659,0.003,3.48e-308,0.992,2.417,0.021,2.37e-243,0.978,LGR
Seward_Peninsula,Council,NA,CN_MM71,CN_MM71_BGC,Biogeochemistry,BGC_6,64.85941,-163.70335,561464,7193416,2016-09-14,12:00,lowland,Trns,0.066,0.001,1.54e-186,0.958,-0.14,0.004,1.27e-99,0.812,LGR
Seward_Peninsula,Council,NA,CN_MM71,CN_MM71_BGC,Biogeochemistry,BGC_6,64.85941,-163.70335,561464,7193416,2016-09-14,12:00,lowland,Opq,0.22,0.001,3.06e-295,0.995,-0.108,0.004,1.98e-68,0.698,LGR
Seward_Peninsula,Council,NA,CN_MM71,CN_MM71_BGC,Biogeochemistry,BGC_9,64.85976,-163.70061,561593,7193458,2016-09-14,12:36,upland,Opq,0.127,0.001,0,0.995,0.976,0.005,0,0.992,LGR
Seward_Peninsula,Council,NA,CN_MM71,CN_MM71_BGC,Biogeochemistry,BGC_9,64.85976,-163.70061,561593,7193458,2016-09-14,12:36,upland,Trns,0.077,0.001,1.93e-205,0.978,1.418,0.006,2.76e-294,0.996,LGR
Seward_Peninsula,Council,NA,CN_MM71,CN_MM71_BGC,Biogeochemistry,BGC_1,64.85995,-163.70358,561451,7193476,2017-06-19,14:34,upland,Opq,1.009,0.004,0,0.995,-0.075,0.003,9.2e-68,0.63,LGR
Seward_Peninsula,Council,NA,CN_MM71,CN_MM71_BGC,Biogeochemistry,BGC_1,64.85995,-163.70358,561451,7193476,2017-06-19,14:34,upland,Trns,1.991,0.555,0.00045,0.074,20.206,2.733,1.01e-11,0.266,LGR
Seward_Peninsula,Council,NA,CN_MM71,CN_MM71_BGC,Biogeochemistry,BGC_10,64.85963,-163.69995,561624,7193444,2017-06-19,16:55,upland,Trns,0.323,0.004,8.61e-166,0.972,-0.812,0.01,2.62e-159,0.968,LGR
Seward_Peninsula,Council,NA,CN_MM71,CN_MM71_BGC,Biogeochemistry,BGC_10,64.85963,-163.69995,561624,7193444,2017-06-19,16:55,upland,Opq,1.778,0.004,0,0.999,-0.647,0.011,7.25e-154,0.934,LGR
Seward_Peninsula,Council,NA,CN_MM71,CN_MM71_BGC,Biogeochemistry,BGC_11,64.85941,-163.70348,561457,7193416,2017-06-19,17:11,slope,Trns,-0.927,0.005,2.64e-223,0.995,154.804,0.129,0,1,LGR
Seward_Peninsula,Council,NA,CN_MM71,CN_MM71_BGC,Biogeochemistry,BGC_11,64.85941,-163.70348,561457,7193416,2017-06-19,17:11,slope,Opq,2.186,0.004,0,0.999,149.182,0.186,0,1,LGR
Seward_Peninsula,Council,NA,CN_MM71,CN_MM71_BGC,Biogeochemistry,BGC_12,64.85974,-163.69836,561699,7193458,2017-06-19,17:49,lowland,Opq,1.456,0.001,0,1,2.482,0.006,0,0.998,LGR
Seward_Peninsula,Council,NA,CN_MM71,CN_MM71_BGC,Biogeochemistry,BGC_12,64.85974,-163.69836,561699,7193458,2017-06-19,17:49,lowland,Trns,-0.492,0.012,3.98e-112,0.883,2.814,0.005,0,0.999,LGR
Seward_Peninsula,Council,NA,CN_MM71,CN_MM71_BGC,Biogeochemistry,BGC_13,64.8597,-163.70341,561460,7193448,2017-06-19,18:18,upland,Trns,-0.987,0.006,4.34e-191,0.995,102.196,0.23,1.23e-258,0.999,LGR
Seward_Peninsula,Council,NA,CN_MM71,CN_MM71_BGC,Biogeochemistry,BGC_13,64.8597,-163.70341,561460,7193448,2017-06-19,18:18,upland,Opq,1.673,0.004,0,0.999,121.273,0.732,3.02e-246,0.991,LGR
Seward_Peninsula,Council,NA,CN_MM71,CN_MM71_BGC,Biogeochemistry,BGC_14,64.86012,-163.69757,561736,7193501,2017-06-19,18:37,upland,Trns,0.128,0.005,4.91e-66,0.722,-0.794,0.006,2.3e-225,0.989,LGR
Seward_Peninsula,Council,NA,CN_MM71,CN_MM71_BGC,Biogeochemistry,BGC_14,64.86012,-163.69757,561736,7193501,2017-06-19,18:37,upland,Opq,1.909,0.004,0,0.999,-1.923,0.013,6.96e-252,0.988,LGR
Seward_Peninsula,Council,NA,CN_MM71,CN_MM71_BGC,Biogeochemistry,BGC_15,64.85999,-163.69698,561764,7193487,2017-06-19,19:27,upland,Trns,-0.323,0.003,1.32e-164,0.982,-0.121,0.01,3.4e-25,0.437,LGR
Seward_Peninsula,Council,NA,CN_MM71,CN_MM71_BGC,Biogeochemistry,BGC_15,64.85999,-163.69698,561764,7193487,2017-06-19,19:27,upland,Opq,0.697,0.001,0,0.999,0.18,0.003,2.39e-195,0.927,LGR
Seward_Peninsula,Council,NA,CN_MM71,CN_MM71_BGC,Biogeochemistry,BGC_16,64.85915,-163.69208,561998,7193398,2017-06-19,11:24,slope,Opq,0.74,0.001,0,0.999,0.015,0.003,2.11e-07,0.079,LGR
Seward_Peninsula,Council,NA,CN_MM71,CN_MM71_BGC,Biogeochemistry,BGC_16,64.85915,-163.69208,561998,7193398,2017-06-19,11:24,slope,Trns,-0.145,0.003,1.06e-131,0.92,0.031,0.003,5.55e-21,0.31,LGR
Seward_Peninsula,Council,NA,CN_MM71,CN_MM71_BGC,Biogeochemistry,BGC_17,64.85904,-163.69142,562030,7193386,2017-06-19,11:44,lowland,Opq,1.528,0.006,5.18e-281,0.997,-0.754,0.01,7.47e-159,0.963,LGR
Seward_Peninsula,Council,NA,CN_MM71,CN_MM71_BGC,Biogeochemistry,BGC_17,64.85904,-163.69142,562030,7193386,2017-06-19,11:44,lowland,Trns,0.648,0.008,4.43e-139,0.975,-0.582,0.011,1.47e-107,0.942,LGR
Seward_Peninsula,Council,NA,CN_MM71,CN_MM71_BGC,Biogeochemistry,BGC_18,64.85911,-163.69101,562049,7193395,2017-06-19,12:00,upland,Trns,-1.708,0.226,1.56e-12,0.217,-6.058,1.036,2.02e-08,0.141,LGR
Seward_Peninsula,Council,NA,CN_MM71,CN_MM71_BGC,Biogeochemistry,BGC_18,64.85911,-163.69101,562049,7193395,2017-06-19,12:00,upland,Opq,0.826,0.002,0,0.999,-0.123,0.005,5.5e-65,0.717,LGR
Seward_Peninsula,Council,NA,CN_MM71,CN_MM71_BGC,Biogeochemistry,BGC_19,64.85921,-163.69075,562061,7193406,2017-06-19,12:20,slope,Trns,0.5,0.053,4.85e-19,0.17,1.1,0.219,7.73e-07,0.054,LGR
Seward_Peninsula,Council,NA,CN_MM71,CN_MM71_BGC,Biogeochemistry,BGC_19,64.85921,-163.69075,562061,7193406,2017-06-19,12:20,slope,Opq,2.828,0.007,0,0.998,-0.051,0.005,3.85e-18,0.223,LGR
Seward_Peninsula,Council,NA,CN_MM71,CN_MM71_BGC,Biogeochemistry,BGC_2,64.85983,-163.70351,561455,7193463,2017-06-19,14:48,slope,Trns,0.064,0.006,9.56e-20,0.292,-0.167,0.006,1.07e-71,0.741,LGR
Seward_Peninsula,Council,NA,CN_MM71,CN_MM71_BGC,Biogeochemistry,BGC_2,64.85983,-163.70351,561455,7193463,2017-06-19,14:48,slope,Opq,1.376,0.003,0,0.999,-0.004,0.003,0.244,0.001,LGR
Seward_Peninsula,Council,NA,CN_MM71,CN_MM71_BGC,Biogeochemistry,BGC_20,64.85937,-163.69061,562067,7193424,2017-06-19,12:43,lowland,Trns,-0.688,0.135,8.06e-07,0.105,12.918,0.639,2.95e-51,0.658,LGR
Seward_Peninsula,Council,NA,CN_MM71,CN_MM71_BGC,Biogeochemistry,BGC_20,64.85937,-163.69061,562067,7193424,2017-06-19,12:43,lowland,Opq,1.931,0.011,0,0.989,10.648,0.036,0,0.996,LGR
Seward_Peninsula,Council,NA,CN_MM71,CN_MM71_BGC,Biogeochemistry,BGC_3,64.86009,-163.69769,561730,7193497,2017-06-19,15:03,lowland,Trns,-0.376,0.006,3.74e-107,0.966,9.283,0.032,1.19e-200,0.998,LGR
Seward_Peninsula,Council,NA,CN_MM71,CN_MM71_BGC,Biogeochemistry,BGC_3,64.86009,-163.69769,561730,7193497,2017-06-19,15:03,lowland,Opq,1.572,0.003,0,0.998,8.968,0.032,0,0.996,LGR
Seward_Peninsula,Council,NA,CN_MM71,CN_MM71_BGC,Biogeochemistry,BGC_4,64.85978,-163.69829,561702,7193462,2017-06-19,15:21,upland,Trns,-1.107,0.007,2.44e-194,0.992,6.633,0.016,1.24e-274,0.999,LGR
Seward_Peninsula,Council,NA,CN_MM71,CN_MM71_BGC,Biogeochemistry,BGC_4,64.85978,-163.69829,561702,7193462,2017-06-19,15:21,upland,Opq,2.685,0.003,0,1,13.979,0.028,0,0.999,LGR
Seward_Peninsula,Council,NA,CN_MM71,CN_MM71_BGC,Biogeochemistry,BGC_5,64.85936,-163.70338,561462,7193410,2017-06-19,15:43,slope,Opq,1.443,0.01,9.04e-246,0.987,-0.178,0.011,8.13e-43,0.515,LGR
Seward_Peninsula,Council,NA,CN_MM71,CN_MM71_BGC,Biogeochemistry,BGC_5,64.85936,-163.70338,561462,7193410,2017-06-19,15:43,slope,Trns,0.298,0.009,7.29e-76,0.868,-0.523,0.013,1.69e-87,0.904,LGR
Seward_Peninsula,Council,NA,CN_MM71,CN_MM71_BGC,Biogeochemistry,BGC_6,64.85941,-163.70335,561464,7193416,2017-06-19,16:00,lowland,Trns,0.188,0.006,3.08e-93,0.827,-0.173,0.01,3.58e-41,0.529,LGR
Seward_Peninsula,Council,NA,CN_MM71,CN_MM71_BGC,Biogeochemistry,BGC_6,64.85941,-163.70335,561464,7193416,2017-06-19,16:00,lowland,Opq,0.805,0.006,3e-302,0.982,-0.106,0.004,9.65e-78,0.634,LGR
Seward_Peninsula,Council,NA,CN_MM71,CN_MM71_BGC,Biogeochemistry,BGC_9,64.85976,-163.70061,561593,7193458,2017-06-19,16:26,upland,Trns,-1.67,0.033,7.08e-130,0.915,-0.216,0.024,1.76e-16,0.244,LGR
Seward_Peninsula,Council,NA,CN_MM71,CN_MM71_BGC,Biogeochemistry,BGC_9,64.85976,-163.70061,561593,7193458,2017-06-19,16:26,upland,Opq,1.647,0.012,0,0.979,0.002,0.008,0.843,-0.002,LGR
Seward_Peninsula,Council,NA,CN_MM71,CN_MM71_BGC,Biogeochemistry,BGC_12,64.85974,-163.69836,561699,7193458,2017-06-21,12:09,lowland,Trns,-0.714,0.017,1.31e-44,0.968,2.982,0.023,1.14e-114,0.994,LGR
Seward_Peninsula,Council,NA,CN_MM71,CN_MM71_BGC,Biogeochemistry,BGC_12,64.85974,-163.69836,561699,7193458,2017-06-21,12:09,lowland,Opq,1.042,0.001,0,0.999,2.843,0.012,0,0.993,LGR
Seward_Peninsula,Council,NA,CN_MM71,CN_MM71_BGC,Biogeochemistry,BGC_9,64.85976,-163.70061,561593,7193458,2017-06-21,12:34,upland,Trns,-1.831,0.033,5.67e-50,0.982,0.061,0.008,8.69e-14,0.167,LGR
Seward_Peninsula,Council,NA,CN_MM71,CN_MM71_BGC,Biogeochemistry,BGC_9,64.85976,-163.70061,561593,7193458,2017-06-21,12:34,upland,Opq,1.317,0.006,6.44e-225,0.995,0.069,0.007,2.55e-20,0.276,LGR
Seward_Peninsula,Council,NA,CN_MM71,CN_MM71_MW,Biogeochemistry,MW_C,64.860663,-163.700755,561584,7193558,2017-06-21,14:19,upland,Trns,-5.42,0.044,4.93e-70,0.996,0.404,0.008,2.11e-120,0.926,LGR
Seward_Peninsula,Council,NA,CN_MM71,CN_MM71_MW,Biogeochemistry,MW_C,64.860663,-163.700755,561584,7193558,2017-06-21,14:19,upland,Opq,1.243,0.002,0,0.999,0.159,0.007,1.36e-65,0.678,LGR
Seward_Peninsula,Council,NA,CN_MM71,CN_MM71_MW,Biogeochemistry,MW_D,64.860695,-163.700762,561583,7193562,2017-06-21,14:26,upland,Trns,-1.754,0.007,1.19e-275,0.996,-0.111,0.006,3.97e-44,0.574,LGR
Seward_Peninsula,Council,NA,CN_MM71,CN_MM71_MW,Biogeochemistry,MW_D,64.860695,-163.700762,561583,7193562,2017-06-21,14:26,upland,Opq,1.025,0.003,0,0.996,-0.093,0.004,5.07e-71,0.625,LGR
Seward_Peninsula,Council,NA,CN_MM71,CN_MM71_MW,Biogeochemistry,MW_E,64.860823,-163.700318,561604,7193576,2017-06-21,15:51,lowland,Opq,1.084,0.003,0,0.997,78.909,0.181,0,0.997,LGR
Seward_Peninsula,Council,NA,CN_MM71,CN_MM71_MW,Biogeochemistry,MW_E,64.860823,-163.700318,561604,7193576,2017-06-21,15:51,lowland,Trns,-1.26,0.005,2.33e-235,0.997,100.02,0.269,6.72e-269,0.999,LGR
Seward_Peninsula,Council,NA,CN_MM71,CN_MM71_MW,Biogeochemistry,MW_F,64.860792,-163.701118,561566,7193572,2017-06-21,13:40,upland,Opq,0.975,0.003,0,0.997,0.159,0.005,7.38e-89,0.777,LGR
Seward_Peninsula,Council,NA,CN_MM71,CN_MM71_MW,Biogeochemistry,MW_F,64.860792,-163.701118,561566,7193572,2017-06-21,13:40,upland,Trns,-1.104,0.002,0,0.999,0.085,0.008,4.01e-23,0.361,LGR
Seward_Peninsula,Council,NA,CN_MM71,CN_MM71_MW,Biogeochemistry,MW_G,64.860792,-163.701112,561566,7193572,2017-06-21,13:45,upland,Opq,0.886,0.002,5.1e-273,0.999,0.121,0.007,2.41e-38,0.587,LGR
Seward_Peninsula,Council,NA,CN_MM71,CN_MM71_MW,Biogeochemistry,MW_G,64.860792,-163.701112,561566,7193572,2017-06-21,13:45,upland,Trns,-1.07,0.014,5.96e-59,0.99,0.277,0.006,2.45e-118,0.898,LGR
Seward_Peninsula,Council,NA,CN_MM71,CN_MM71_MW,Biogeochemistry,MW_H,64.860918,-163.69998,561620,7193587,2017-06-21,17:38,lowland,Trns,-0.004,0.004,0.271,0.001,50.121,0.026,0,1,LGR
Seward_Peninsula,Council,NA,CN_MM71,CN_MM71_MW,Biogeochemistry,MW_H,64.860918,-163.69998,561620,7193587,2017-06-21,17:38,lowland,Opq,1.361,0.013,2.08999995349716e-317,0.958,34.659,0.258,0,0.975,LGR
Seward_Peninsula,Council,NA,CN_MM71,CN_MM71_MW,Biogeochemistry,MW_I,64.86036,-163.700287,561607,7193525,2017-06-21,15:17,upland,Trns,-2.061,0.012,6.66e-109,0.997,2.272,0.024,5.53e-217,0.968,LGR
Seward_Peninsula,Council,NA,CN_MM71,CN_MM71_MW,Biogeochemistry,MW_I,64.86036,-163.700287,561607,7193525,2017-06-21,15:17,upland,Opq,1.319,0.004,0,0.997,4.963,0.019,0,0.995,LGR
Seward_Peninsula,Council,NA,CN_MM71,CN_MM71_MW,Biogeochemistry,MW_J,64.860387,-163.700453,561599,7193528,2017-06-21,15:00,upland,Opq,1.071,0.002,0,0.999,1.427,0.005,0,0.996,LGR
Seward_Peninsula,Council,NA,CN_MM71,CN_MM71_MW,Biogeochemistry,MW_J,64.860387,-163.700453,561599,7193528,2017-06-21,15:00,upland,Trns,-1.389,0.016,1.18e-61,0.992,1.415,0.009,2.5e-265,0.99,LGR
Seward_Peninsula,Council,NA,CN_MM71,CN_MM71_EC,Biogeochemistry,EC_1,64.86172,-163.70102,561569,7193676,2017-06-22,12:37,upland,Opq,0.42,0.001,0,0.998,0.07,0.003,1.09e-74,0.64,LGR
Seward_Peninsula,Council,NA,CN_MM71,CN_MM71_EC,Biogeochemistry,EC_1,64.86172,-163.70102,561569,7193676,2017-06-22,12:37,upland,Trns,-0.295,0.002,6.32e-255,0.989,0.12,0.005,1.93e-55,0.752,LGR
Seward_Peninsula,Council,NA,CN_MM71,CN_MM71_EC,Biogeochemistry,EC_2,64.86169,-163.7012,561560,7193672,2017-06-22,12:44,upland,Opq,0.958,0.004,2.48000005828922e-317,0.996,0.088,0.006,2.79e-36,0.449,LGR
Seward_Peninsula,Council,NA,CN_MM71,CN_MM71_EC,Biogeochemistry,EC_2,64.86169,-163.7012,561560,7193672,2017-06-22,12:44,upland,Trns,-3.617,0.055,1.83e-55,0.987,0.066,0.008,2.26e-15,0.199,LGR
Seward_Peninsula,Council,NA,CN_MM71,CN_MM71_EC,Biogeochemistry,EC_3,64.86176,-163.70117,561561,7193680,2017-06-22,12:49,lowland,Trns,0.055,0.007,2.29e-12,0.182,6.758,0.073,2.9e-164,0.978,LGR
Seward_Peninsula,Council,NA,CN_MM71,CN_MM71_EC,Biogeochemistry,EC_3,64.86176,-163.70117,561561,7193680,2017-06-22,12:49,lowland,Opq,0.478,0.017,1.25e-100,0.631,4.669,0.013,0,0.997,LGR
Seward_Peninsula,Council,NA,CN_MM71,CN_MM71_EC,Biogeochemistry,EC_4,64.86176,-163.70157,561543,7193679,2017-06-22,13:29,lowland,Trns,-0.877,0.007,5.32e-71,0.996,7.964,0.038,5.42e-154,0.997,LGR
Seward_Peninsula,Council,NA,CN_MM71,CN_MM71_EC,Biogeochemistry,EC_4,64.86176,-163.70157,561543,7193679,2017-06-22,13:29,lowland,Opq,1.697,0.006,1.58e-260,0.997,7.512,0.017,0,0.998,LGR
Seward_Peninsula,Council,NA,CN_MM71,CN_MM71_EC,Biogeochemistry,EC_5,64.86208,-163.7016,561540,7193715,2017-06-22,13:36,upland,Opq,0.823,0.008,1.72e-164,0.98,0.115,0.008,6.93e-33,0.525,LGR
Seward_Peninsula,Council,NA,CN_MM71,CN_MM71_EC,Biogeochemistry,EC_5,64.86208,-163.7016,561540,7193715,2017-06-22,13:36,upland,Trns,0.122,0.009,4.81e-22,0.695,0.105,0.007,1.28e-36,0.521,LGR
Seward_Peninsula,Council,NA,CN_MM71,CN_MM71_EC,Biogeochemistry,EC_6,64.86201,-163.70172,561535,7193707,2017-06-22,13:43,upland,Opq,1.052,0.004,8.44e-291,0.997,0.458,0.009,4.54e-140,0.907,LGR
Seward_Peninsula,Council,NA,CN_MM71,CN_MM71_EC,Biogeochemistry,EC_6,64.86201,-163.70172,561535,7193707,2017-06-22,13:43,upland,Trns,-2.335,0.021,5.25e-68,0.995,0.003,0.011,0.8,-0.004,LGR
Seward_Peninsula,Council,NA,CN_MM71,CN_MM71_EC,Biogeochemistry,EC_7,64.86172,-163.70218,561514,7193674,2017-06-22,14:26,upland,Opq,0.878,0.003,0,0.995,2.311,0.013,4.16e-230,0.993,LGR
Seward_Peninsula,Council,NA,CN_MM71,CN_MM71_EC,Biogeochemistry,EC_7,64.86172,-163.70218,561514,7193674,2017-06-22,14:26,upland,Trns,-1.396,0.007,1.24e-253,0.994,1.048,0.011,7.04e-188,0.973,LGR
Seward_Peninsula,Council,NA,CN_MM71,CN_MM71_EC,Biogeochemistry,EC_8,64.86195,-163.70198,561523,7193700,2017-06-22,14:31,upland,Trns,-0.953,0.003,9.01e-242,0.998,9.347,0.024,6.06e-261,0.999,LGR
Seward_Peninsula,Council,NA,CN_MM71,CN_MM71_EC,Biogeochemistry,EC_8,64.86195,-163.70198,561523,7193700,2017-06-22,14:31,upland,Opq,0.479,0.002,0,0.993,8.363,0.026,0,0.994,LGR
Seward_Peninsula,Council,NA,CN_MM71,CN_MM71_EC,Biogeochemistry,EC_9,64.861537,-163.702015,561522,7193654,2017-06-22,14:37,lowland,Opq,1.561,0.004,4.61000000001629e-313,0.999,47.634,0.119,5.48e-306,0.999,LGR
Seward_Peninsula,Council,NA,CN_MM71,CN_MM71_EC,Biogeochemistry,EC_9,64.861537,-163.702015,561522,7193654,2017-06-22,14:37,lowland,Trns,-1.276,0.024,9.67e-51,0.981,39.193,0.032,0,1,LGR
Seward_Peninsula,Council,NA,CN_MM71,CN_MM71_BGC,Biogeochemistry,BGC_10,64.85963,-163.69995,561624,7193444,2017-07-12,15:56,upland,Opq,2.259,0.006,9.32e-307,0.999,-1.495,0.01,3.11e-212,0.99,LGR
Seward_Peninsula,Council,NA,CN_MM71,CN_MM71_BGC,Biogeochemistry,BGC_10,64.85963,-163.69995,561624,7193444,2017-07-12,15:56,upland,Trns,-2.151,0.528,6.59e-05,0.074,-20.509,2.542,6.95e-14,0.246,LGR
Seward_Peninsula,Council,NA,CN_MM71,CN_MM71_BGC,Biogeochemistry,BGC_11,64.85941,-163.70348,561457,7193416,2017-07-12,15:37,slope,Trns,3.659,0.308,1.47e-26,0.333,190.305,1.909,3.5e-220,0.973,LGR
Seward_Peninsula,Council,NA,CN_MM71,CN_MM71_BGC,Biogeochemistry,BGC_11,64.85941,-163.70348,561457,7193416,2017-07-12,15:37,slope,Opq,2.28,0.008,0,0.995,150.167,0.498,0,0.996,LGR
Seward_Peninsula,Council,NA,CN_MM71,CN_MM71_BGC,Biogeochemistry,BGC_12,64.85974,-163.69836,561699,7193458,2017-07-12,15:15,lowland,Opq,2.657,0.009,3.05e-256,0.998,0.646,0.016,1.31e-97,0.9,LGR
Seward_Peninsula,Council,NA,CN_MM71,CN_MM71_BGC,Biogeochemistry,BGC_12,64.85974,-163.69836,561699,7193458,2017-07-12,15:15,lowland,Trns,0.71,0.01,6.35e-165,0.956,1.134,0.02,8.78e-139,0.927,LGR
Seward_Peninsula,Council,NA,CN_MM71,CN_MM71_BGC,Biogeochemistry,BGC_13,64.8597,-163.70341,561460,7193448,2017-07-12,14:55,upland,Trns,0.793,0.317,0.0131,0.024,160.947,1.745,4.19e-173,0.976,LGR
Seward_Peninsula,Council,NA,CN_MM71,CN_MM71_BGC,Biogeochemistry,BGC_13,64.8597,-163.70341,561460,7193448,2017-07-12,14:55,upland,Opq,2.362,0.013,4.99e-290,0.992,147.332,0.492,0,0.997,LGR
Seward_Peninsula,Council,NA,CN_MM71,CN_MM71_BGC,Biogeochemistry,BGC_14,64.86012,-163.69757,561736,7193501,2017-07-12,14:31,upland,Trns,1.413,0.011,7e-216,0.987,-0.414,0.019,7.52e-58,0.68,LGR
Seward_Peninsula,Council,NA,CN_MM71,CN_MM71_BGC,Biogeochemistry,BGC_14,64.86012,-163.69757,561736,7193501,2017-07-12,14:31,upland,Opq,2.415,0.006,0,0.998,0.17,0.005,3.41e-102,0.737,LGR
Seward_Peninsula,Council,NA,CN_MM71,CN_MM71_BGC,Biogeochemistry,BGC_15,64.85999,-163.69698,561764,7193487,2017-07-12,14:07,upland,Opq,2.826,0.005,0,0.999,0.226,0.01,4.68e-71,0.648,LGR
Seward_Peninsula,Council,NA,CN_MM71,CN_MM71_BGC,Biogeochemistry,BGC_15,64.85999,-163.69698,561764,7193487,2017-07-12,14:07,upland,Trns,0.832,0.01,2.68e-212,0.958,0.563,0.006,1.96e-227,0.967,LGR
Seward_Peninsula,Council,NA,CN_MM71,CN_MM71_BGC,Biogeochemistry,BGC_6,64.85941,-163.70335,561464,7193416,2017-07-12,16:39,lowland,Trns,0.67,0.007,1.8e-223,0.968,-0.806,0.008,8.64e-225,0.969,LGR
Seward_Peninsula,Council,NA,CN_MM71,CN_MM71_BGC,Biogeochemistry,BGC_6,64.85941,-163.70335,561464,7193416,2017-07-12,16:39,lowland,Opq,1.069,0.003,0,0.997,-0.221,0.004,1.07e-159,0.885,LGR
Seward_Peninsula,Council,NA,CN_MM71,CN_MM71_BGC,Biogeochemistry,BGC_9,64.85976,-163.70061,561593,7193458,2017-07-12,16:13,upland,Opq,2.16,0.004,0,0.999,-0.117,0.005,2.3e-61,0.641,LGR
Seward_Peninsula,Council,NA,CN_MM71,CN_MM71_BGC,Biogeochemistry,BGC_9,64.85976,-163.70061,561593,7193458,2017-07-12,16:13,upland,Trns,1.41,0.004,1.95956316453555e-318,0.998,-0.175,0.02,3.49e-16,0.242,LGR
Seward_Peninsula,Council,NA,CN_MM71,CN_MM71_BGC,Biogeochemistry,BGC_16,64.85915,-163.69208,561998,7193398,2017-07-13,15:58,slope,Trns,0.411,0.005,1.78e-186,0.96,0.12,0.011,6.57e-25,0.329,LGR
Seward_Peninsula,Council,NA,CN_MM71,CN_MM71_BGC,Biogeochemistry,BGC_16,64.85915,-163.69208,561998,7193398,2017-07-13,15:58,slope,Opq,2.083,0.008,0,0.995,-0.387,0.009,3.57e-136,0.861,LGR
Seward_Peninsula,Council,NA,CN_MM71,CN_MM71_BGC,Biogeochemistry,BGC_17,64.85904,-163.69142,562030,7193386,2017-07-13,15:31,lowland,Trns,0.711,0.004,1.41e-234,0.993,-0.644,0.011,1.87e-138,0.945,LGR
Seward_Peninsula,Council,NA,CN_MM71,CN_MM71_BGC,Biogeochemistry,BGC_17,64.85904,-163.69142,562030,7193386,2017-07-13,15:31,lowland,Opq,1.72,0.012,3.62e-303,0.984,-0.677,0.006,2.16e-265,0.973,LGR
Seward_Peninsula,Council,NA,CN_MM71,CN_MM71_BGC,Biogeochemistry,BGC_18,64.85911,-163.69101,562049,7193395,2017-07-13,14:49,upland,Trns,1.639,0.003,0,0.996,-0.219,0.001,0,0.964,LGR
Seward_Peninsula,Council,NA,CN_MM71,CN_MM71_BGC,Biogeochemistry,BGC_18,64.85911,-163.69101,562049,7193395,2017-07-13,14:49,upland,Opq,2.358,0.007,0,0.997,-0.546,0.007,7.43e-203,0.959,LGR
Seward_Peninsula,Council,NA,CN_MM71,CN_MM71_BGC,Biogeochemistry,BGC_19,64.85921,-163.69075,562061,7193406,2017-07-13,14:31,slope,Opq,2.194,0.004,0,0.999,0.145,0.007,2.19e-62,0.609,LGR
Seward_Peninsula,Council,NA,CN_MM71,CN_MM71_BGC,Biogeochemistry,BGC_20,64.85937,-163.69061,562067,7193424,2017-07-13,14:10,lowland,Trns,-1.866,0.026,1.07e-153,0.96,66.793,0.174,2.26e-308,0.999,LGR
Seward_Peninsula,Council,NA,CN_MM71,CN_MM71_BGC,Biogeochemistry,BGC_20,64.85937,-163.69061,562067,7193424,2017-07-13,14:10,lowland,Opq,4.628,0.013,0,0.997,58.953,0.209,0,0.996,LGR
Seward_Peninsula,Council,NA,CN_MM71,CN_MM71_EC,Biogeochemistry,EC_1,64.86172,-163.70102,561569,7193676,2017-07-14,18:25,upland,Opq,1.759,0.005,0,0.998,0.259,0.006,2.79e-132,0.884,LGR
Seward_Peninsula,Council,NA,CN_MM71,CN_MM71_EC,Biogeochemistry,EC_1,64.86172,-163.70102,561569,7193676,2017-07-14,18:25,upland,Trns,0.662,0.008,3.81e-148,0.97,-0.133,0.01,1.61e-28,0.472,LGR
Seward_Peninsula,Council,NA,CN_MM71,CN_MM71_EC,Biogeochemistry,EC_2,64.86169,-163.7012,561560,7193672,2017-07-14,18:08,upland,Opq,1.664,0.008,4.98e-268,0.995,-0.242,0.008,2.13e-83,0.802,LGR
Seward_Peninsula,Council,NA,CN_MM71,CN_MM71_EC,Biogeochemistry,EC_2,64.86169,-163.7012,561560,7193672,2017-07-14,18:08,upland,Trns,-0.746,0.01,9.48e-153,0.959,-0.497,0.014,1.39e-91,0.85,LGR
Seward_Peninsula,Council,NA,CN_MM71,CN_MM71_EC,Biogeochemistry,EC_3,64.86176,-163.70117,561561,7193680,2017-07-14,18:08,lowland,Opq,1.442,0.005,0,0.997,18.21,0.133,2.9e-297,0.982,LGR
Seward_Peninsula,Council,NA,CN_MM71,CN_MM71_EC,Biogeochemistry,EC_3,64.86176,-163.70117,561561,7193680,2017-07-14,18:16,lowland,Trns,0.336,0.003,1.39e-214,0.984,15.458,0.024,0,0.999,LGR
Seward_Peninsula,Council,NA,CN_MM71,CN_MM71_MW,Biogeochemistry,MW_C,64.860663,-163.700755,561584,7193558,2017-07-14,15:39,upland,Opq,2.03,0.077,2.13e-72,0.74,-1.686,0.367,6.97e-06,0.077,LGR
Seward_Peninsula,Council,NA,CN_MM71,CN_MM71_MW,Biogeochemistry,MW_C,64.860663,-163.700755,561584,7193558,2017-07-14,15:39,upland,Trns,-0.837,0.01,1.7e-83,0.988,-1.049,0.032,3.47e-50,0.927,LGR
Seward_Peninsula,Council,NA,CN_MM71,CN_MM71_MW,Biogeochemistry,MW_D,64.860695,-163.700762,561583,7193562,2017-07-14,15:47,upland,Opq,2.567,0.003,0,1,-0.37,0.006,2.29e-162,0.938,LGR
Seward_Peninsula,Council,NA,CN_MM71,CN_MM71_MW,Biogeochemistry,MW_D,64.860695,-163.700762,561583,7193562,2017-07-14,15:47,upland,Trns,-0.639,0.02,5.74e-38,0.948,-1.359,0.057,4.67e-31,0.909,LGR
Seward_Peninsula,Council,NA,CN_MM71,CN_MM71_MW,Biogeochemistry,MW_E,64.860823,-163.700318,561604,7193576,2017-07-14,16:58,lowland,Opq,1.987,0.012,0,0.987,97.251,0.591,0,0.987,LGR
Seward_Peninsula,Council,NA,CN_MM71,CN_MM71_MW,Biogeochemistry,MW_E,64.860823,-163.700318,561604,7193576,2017-07-14,16:58,lowland,Trns,-0.449,0.007,4.55e-131,0.958,129.57,0.295,8.29e-284,0.999,LGR
Seward_Peninsula,Council,NA,CN_MM71,CN_MM71_MW,Biogeochemistry,MW_F,64.860792,-163.701118,561566,7193572,2017-07-14,16:22,upland,Opq,3.736,0.016,2.32e-283,0.996,0.628,0.006,2.03e-207,0.981,LGR
Seward_Peninsula,Council,NA,CN_MM71,CN_MM71_MW,Biogeochemistry,MW_F,64.860792,-163.701118,561566,7193572,2017-07-14,16:22,upland,Trns,0.894,0.012,2.89e-182,0.954,0.56,0.013,2.45e-121,0.869,LGR
Seward_Peninsula,Council,NA,CN_MM71,CN_MM71_MW,Biogeochemistry,MW_G,64.860792,-163.701112,561566,7193572,2017-07-14,16:19,upland,Opq,1.21,0.002,0,0.999,0.048,0.003,3.99e-54,0.552,LGR
Seward_Peninsula,Council,NA,CN_MM71,CN_MM71_MW,Biogeochemistry,MW_G,64.860792,-163.701112,561566,7193572,2017-07-14,16:19,upland,Trns,1.164,0.002,4.10178724018194e-316,0.999,-0.03,0.005,6.89e-10,0.165,LGR
Seward_Peninsula,Council,NA,CN_MM71,CN_MM71_MW,Biogeochemistry,MW_H,64.860918,-163.69998,561620,7193587,2017-07-14,17:26,lowland,Opq,3.497,0.009,0,0.998,183.179,0.341,0,0.999,LGR
Seward_Peninsula,Council,NA,CN_MM71,CN_MM71_MW,Biogeochemistry,MW_H,64.860918,-163.69998,561620,7193587,2017-07-14,17:26,lowland,Trns,-0.499,0.004,1.19e-218,0.984,179.722,0.442,0,0.999,LGR
Seward_Peninsula,Council,NA,CN_MM71,CN_MM71_MW,Biogeochemistry,MW_I,64.86036,-163.700287,561607,7193525,2017-07-14,15:06,upland,Opq,1.727,0.005,0,0.998,4.046,0.013,0,0.997,LGR
Seward_Peninsula,Council,NA,CN_MM71,CN_MM71_MW,Biogeochemistry,MW_I,64.86036,-163.700287,561607,7193525,2017-07-14,15:06,upland,Trns,0.578,0.009,1.59e-146,0.955,5.238,0.022,1.22e-262,0.996,LGR
Seward_Peninsula,Council,NA,CN_MM71,CN_MM71_MW,Biogeochemistry,MW_J,64.860387,-163.700453,561599,7193528,2017-07-14,14:57,upland,Opq,1.338,0.003,0,0.997,1.993,0.007,0,0.994,LGR
Seward_Peninsula,Council,NA,CN_MM71,CN_MM71_MW,Biogeochemistry,MW_J,64.860387,-163.700453,561599,7193528,2017-07-14,14:57,upland,Trns,-0.298,0.01,1.94e-52,0.909,1.105,0.022,5.62e-72,0.964,LGR
Seward_Peninsula,Council,NA,CN_MM71,CN_MM71_EC,Biogeochemistry,EC_1,64.86172,-163.70102,561569,7193676,2017-07-15,17:48,upland,Trns,-1.939,0.186,5.82e-21,0.328,-6.536,0.786,9.54e-15,0.236,LGR
Seward_Peninsula,Council,NA,CN_MM71,CN_MM71_EC,Biogeochemistry,EC_1,64.86172,-163.70102,561569,7193676,2017-07-15,17:48,upland,Opq,1.378,0.006,2.07e-261,0.997,0.082,0.007,3.42e-25,0.397,LGR
Seward_Peninsula,Council,NA,CN_MM71,CN_MM71_EC,Biogeochemistry,EC_2,64.86169,-163.7012,561560,7193672,2017-07-15,17:41,upland,Opq,1.553,0.005,0,0.997,-0.117,0.009,5.92e-32,0.425,LGR
Seward_Peninsula,Council,NA,CN_MM71,CN_MM71_EC,Biogeochemistry,EC_2,64.86169,-163.7012,561560,7193672,2017-07-15,17:41,upland,Trns,-1.428,0.011,1.21e-239,0.985,-0.069,0.007,3.02e-19,0.265,LGR
Seward_Peninsula,Council,NA,CN_MM71,CN_MM71_EC,Biogeochemistry,EC_3,64.86176,-163.70117,561561,7193680,2017-07-15,17:35,lowland,Trns,0.515,0.005,2.9e-233,0.975,16.845,0.035,0,0.999,LGR
Seward_Peninsula,Council,NA,CN_MM71,CN_MM71_EC,Biogeochemistry,EC_3,64.86176,-163.70117,561561,7193680,2017-07-15,17:35,lowland,Opq,0.947,0.006,7.83e-281,0.986,12.44,0.101,4.88e-258,0.981,LGR
Seward_Peninsula,Council,NA,CN_MM71,CN_MM71_EC,Biogeochemistry,EC_4,64.86176,-163.70157,561543,7193679,2017-07-15,18:31,lowland,Opq,1.868,0.008,0,0.995,26.739,0.053,0,0.999,LGR
Seward_Peninsula,Council,NA,CN_MM71,CN_MM71_EC,Biogeochemistry,EC_5,64.86208,-163.7016,561540,7193715,2017-07-15,18:22,upland,Opq,1.395,0.005,0,0.996,-0.004,0.003,0.28,0.001,LGR
Seward_Peninsula,Council,NA,CN_MM71,CN_MM71_EC,Biogeochemistry,EC_6,64.86201,-163.70172,561535,7193707,2017-07-15,18:38,upland,Opq,1.432,0.01,9.75e-271,0.986,0.502,0.015,7.32e-99,0.787,LGR
Seward_Peninsula,Council,NA,CN_MM71,CN_MM71_EC,Biogeochemistry,EC_7,64.86172,-163.70218,561514,7193674,2017-07-15,18:50,upland,Opq,0.493,0.05,5.87e-20,0.265,0.194,0.228,0.396,-0.001,LGR
Seward_Peninsula,Council,NA,CN_MM71,CN_MM71_EC,Biogeochemistry,EC_8,64.86195,-163.70198,561523,7193700,2017-07-15,18:57,upland,Opq,1.281,0.005,0,0.996,16.062,0.076,0,0.993,LGR
Seward_Peninsula,Council,NA,CN_MM71,CN_MM71_EC,Biogeochemistry,EC_9,64.861537,-163.702015,561522,7193654,2017-07-15,19:05,lowland,Opq,2.887,0.011,0,0.996,94.087,0.207,0,0.999,LGR
Seward_Peninsula,Council,NA,CN_MM71,CN_MM71_BGC,Biogeochemistry,BGC_1,64.85995,-163.70358,561451,7193476,2017-07-17,16:37,upland,Opq,1.816,0.009,0,0.99,-0.061,0.002,6.19e-87,0.58,LGR
Seward_Peninsula,Council,NA,CN_MM71,CN_MM71_BGC,Biogeochemistry,BGC_10,64.85963,-163.69995,561624,7193444,2017-07-17,15:27,upland,Opq,1.018,0.004,5.63234836259021e-320,0.996,-0.47,0.008,6.52e-157,0.933,LGR
Seward_Peninsula,Council,NA,CN_MM71,CN_MM71_BGC,Biogeochemistry,BGC_11,64.85941,-163.70348,561457,7193416,2017-07-17,15:15,slope,Opq,1.598,0.004,0,0.998,147.749,0.527,0,0.996,LGR
Seward_Peninsula,Council,NA,CN_MM71,CN_MM71_BGC,Biogeochemistry,BGC_12,64.85974,-163.69836,561699,7193458,2017-07-17,15:03,lowland,Opq,1.401,0.006,7.64e-274,0.995,1.04,0.016,1.3e-152,0.948,LGR
Seward_Peninsula,Council,NA,CN_MM71,CN_MM71_BGC,Biogeochemistry,BGC_13,64.8597,-163.70341,561460,7193448,2017-07-17,14:51,upland,Opq,2.806,0.006,0,0.998,203.75,0.168,0,1,LGR
Seward_Peninsula,Council,NA,CN_MM71,CN_MM71_BGC,Biogeochemistry,BGC_14,64.86012,-163.69757,561736,7193501,2017-07-17,14:39,upland,Opq,2.566,0.008,0,0.997,-3.26,0.027,4.79e-237,0.982,LGR
Seward_Peninsula,Council,NA,CN_MM71,CN_MM71_BGC,Biogeochemistry,BGC_15,64.85999,-163.69698,561764,7193487,2017-07-17,14:28,upland,Opq,0.707,0.002,1.77863632502849e-322,0.998,-0.005,0.003,0.05,0.012,LGR
Seward_Peninsula,Council,NA,CN_MM71,CN_MM71_BGC,Biogeochemistry,BGC_16,64.85915,-163.69208,561998,7193398,2017-07-17,14:01,slope,Opq,1.163,0.017,6.07e-198,0.937,-0.226,0.005,1.68e-137,0.852,LGR
Seward_Peninsula,Council,NA,CN_MM71,CN_MM71_BGC,Biogeochemistry,BGC_17,64.85904,-163.69142,562030,7193386,2017-07-17,13:51,lowland,Opq,1.707,0.016,5.98e-203,0.979,60.269,0.896,9.15e-158,0.949,LGR
Seward_Peninsula,Council,NA,CN_MM71,CN_MM71_BGC,Biogeochemistry,BGC_18,64.85911,-163.69101,562049,7193395,2017-07-17,13:42,upland,Opq,1.061,0.013,1.58e-184,0.959,-0.116,0.007,3.2e-39,0.479,LGR
Seward_Peninsula,Council,NA,CN_MM71,CN_MM71_BGC,Biogeochemistry,BGC_19,64.85921,-163.69075,562061,7193406,2017-07-17,13:34,slope,Opq,2.169,0.01,3.31e-301,0.995,-0.139,0.006,7.64e-68,0.688,LGR
Seward_Peninsula,Council,NA,CN_MM71,CN_MM71_BGC,Biogeochemistry,BGC_2,64.85983,-163.70351,561455,7193463,2017-07-17,16:30,slope,Opq,1.93,0.017,2.39e-187,0.985,-0.413,0.008,1.82e-123,0.937,LGR
Seward_Peninsula,Council,NA,CN_MM71,CN_MM71_BGC,Biogeochemistry,BGC_20,64.85937,-163.69061,562067,7193424,2017-07-17,13:24,lowland,Opq,2.461,0.005,0,0.999,63.88,0.582,8.87e-228,0.978,LGR
Seward_Peninsula,Council,NA,CN_MM71,CN_MM71_BGC,Biogeochemistry,BGC_3,64.86009,-163.69769,561730,7193497,2017-07-17,16:18,lowland,Opq,1.151,0.004,0,0.997,6.912,0.026,1.97626258336499e-323,0.996,LGR
Seward_Peninsula,Council,NA,CN_MM71,CN_MM71_BGC,Biogeochemistry,BGC_4,64.85978,-163.69829,561702,7193462,2017-07-17,16:08,upland,Opq,2.118,0.007,5.38e-189,0.998,68.513,0.083,1.01e-248,1,LGR
Seward_Peninsula,Council,NA,CN_MM71,CN_MM71_BGC,Biogeochemistry,BGC_5,64.85936,-163.70338,561462,7193410,2017-07-17,15:57,slope,Opq,3.809,0.022,7.03e-300,0.99,-2.301,0.012,0,0.991,LGR
Seward_Peninsula,Council,NA,CN_MM71,CN_MM71_BGC,Biogeochemistry,BGC_6,64.85941,-163.70335,561464,7193416,2017-07-17,15:51,lowland,Opq,0.475,0.002,7.09e-308,0.997,-0.053,0.002,3.86e-71,0.737,LGR
Seward_Peninsula,Council,NA,CN_MM71,CN_MM71_BGC,Biogeochemistry,BGC_9,64.85976,-163.70061,561593,7193458,2017-07-17,15:38,upland,Opq,1.193,0.02,3.8e-172,0.922,-0.213,0.012,2.63e-50,0.516,LGR
Seward_Peninsula,Council,NA,CN_MM71,CN_MM71_MW,Biogeochemistry,MW_C,64.860663,-163.700755,561584,7193558,2017-07-17,17:02,upland,Opq,0.566,0.005,6.88e-273,0.975,0.004,0.004,0.243,0.001,LGR
Seward_Peninsula,Council,NA,CN_MM71,CN_MM71_MW,Biogeochemistry,MW_D,64.860695,-163.700762,561583,7193562,2017-07-17,17:08,upland,Opq,0.646,0.001,0,0.999,-0.017,0.003,7.21e-09,0.122,LGR
Seward_Peninsula,Council,NA,CN_MM71,CN_MM71_MW,Biogeochemistry,MW_E,64.860823,-163.700318,561604,7193576,2017-07-17,18:22,lowland,Opq,1.038,0.003,0,0.997,96.498,0.284,0,0.997,LGR
Seward_Peninsula,Council,NA,CN_MM71,CN_MM71_MW,Biogeochemistry,MW_F,64.860792,-163.701118,561566,7193572,2017-07-17,18:04,upland,Opq,1.486,0.013,0,0.969,0.668,0.011,1.65e-215,0.896,LGR
Seward_Peninsula,Council,NA,CN_MM71,CN_MM71_MW,Biogeochemistry,MW_G,64.860792,-163.701112,561566,7193572,2017-07-17,17:57,upland,Opq,0.898,0.001,0,1,0.029,0.003,1.87e-19,0.239,LGR
Seward_Peninsula,Council,NA,CN_MM71,CN_MM71_MW,Biogeochemistry,MW_H,64.860918,-163.69998,561620,7193587,2017-07-17,18:39,lowland,Opq,3.182,0.027,5.6e-252,0.979,174.869,0.533,0,0.997,LGR
Seward_Peninsula,Council,NA,CN_MM71,CN_MM71_MW,Biogeochemistry,MW_I,64.86036,-163.700287,561607,7193525,2017-07-17,17:18,upland,Opq,1.023,0.001,0,0.999,3.702,0.017,0,0.985,LGR
Seward_Peninsula,Council,NA,CN_MM71,CN_MM71_MW,Biogeochemistry,MW_J,64.860387,-163.700453,561599,7193528,2017-07-17,17:32,upland,Opq,0.798,0.002,0,0.995,1.508,0.003,0,0.997,LGR
Seward_Peninsula,Council,NA,CN_MM71,CN_MM71_EC,Biogeochemistry,EC_1,64.86172,-163.70102,561569,7193676,2017-07-18,15:34,upland,Trns,-1.146,0.087,3.92e-31,0.371,-1.786,0.356,9.03e-07,0.077,LGR
Seward_Peninsula,Council,NA,CN_MM71,CN_MM71_EC,Biogeochemistry,EC_1,64.86172,-163.70102,561569,7193676,2017-07-18,15:34,upland,Opq,0.957,0.004,0,0.994,0.044,0.004,2.9e-21,0.251,LGR
Seward_Peninsula,Council,NA,CN_MM71,CN_MM71_EC,Biogeochemistry,EC_2,64.86169,-163.7012,561560,7193672,2017-07-18,15:28,upland,Opq,1.013,0.005,3.28e-245,0.994,-0.308,0.009,4.43e-93,0.856,LGR
Seward_Peninsula,Council,NA,CN_MM71,CN_MM71_EC,Biogeochemistry,EC_2,64.86169,-163.7012,561560,7193672,2017-07-18,15:28,upland,Trns,-0.882,0.056,1.37e-40,0.47,1.74,0.279,1.65e-09,0.119,LGR
Seward_Peninsula,Council,NA,CN_MM71,CN_MM71_EC,Biogeochemistry,EC_3,64.86176,-163.70117,561561,7193680,2017-07-18,15:40,lowland,Opq,0.866,0.004,0,0.993,20.699,0.055,0,0.998,LGR
Seward_Peninsula,Council,NA,CN_MM71,CN_MM71_EC,Biogeochemistry,EC_3,64.86176,-163.70117,561561,7193680,2017-07-18,15:40,lowland,Trns,-0.526,0.003,3.39e-235,0.991,19.067,0.173,1.37e-198,0.982,LGR
Seward_Peninsula,Council,NA,CN_MM71,CN_MM71_EC,Biogeochemistry,EC_4,64.86176,-163.70157,561543,7193679,2017-07-18,14:45,lowland,Opq,0.452,0.001,0,0.997,24.668,0.081,0,0.995,LGR
Seward_Peninsula,Council,NA,CN_MM71,CN_MM71_EC,Biogeochemistry,EC_5,64.86208,-163.7016,561540,7193715,2017-07-18,14:32,upland,Opq,1.163,0.004,0,0.996,0.08,0.004,1.54e-49,0.511,LGR
Seward_Peninsula,Council,NA,CN_MM71,CN_MM71_EC,Biogeochemistry,EC_6,64.86201,-163.70172,561535,7193707,2017-07-18,14:39,upland,Opq,1.398,0.003,0,0.998,0.693,0.003,0,0.994,LGR
Seward_Peninsula,Council,NA,CN_MM71,CN_MM71_EC,Biogeochemistry,EC_7,64.86172,-163.70218,561514,7193674,2017-07-18,14:57,upland,Opq,0.922,0.004,0,0.995,0.802,0.006,1.75e-274,0.981,LGR
Seward_Peninsula,Council,NA,CN_MM71,CN_MM71_EC,Biogeochemistry,EC_8,64.86195,-163.70198,561523,7193700,2017-07-18,15:05,upland,Opq,1.781,0.007,0,0.995,13.115,0.076,0,0.989,LGR
Seward_Peninsula,Council,NA,CN_MM71,CN_MM71_EC,Biogeochemistry,EC_9,64.861537,-163.702015,561522,7193654,2017-07-18,15:13,lowland,Opq,1.297,0.003,0,0.998,60.916,0.126,0,0.998,LGR
Seward_Peninsula,Council,NA,CN_MM71,CN_MM71_BGC,Biogeochemistry,BGC_11,64.85941,-163.70348,561457,7193416,2017-09-10,13:17,slope,Opq,0.86,0.004,5.14e-267,0.996,149.609,1.31,1.83e-198,0.983,LGR
Seward_Peninsula,Council,NA,CN_MM71,CN_MM71_BGC,Biogeochemistry,BGC_13,64.8597,-163.70341,561460,7193448,2017-09-10,15:12,upland,Trns,-0.144,0.009,3.88e-38,0.535,102.339,0.148,0,1,LGR
Seward_Peninsula,Council,NA,CN_MM71,CN_MM71_BGC,Biogeochemistry,BGC_13,64.8597,-163.70341,561460,7193448,2017-09-10,15:12,upland,Opq,2.011,0.004,0,0.998,99.785,0.105,0,1,LGR
Seward_Peninsula,Council,NA,CN_MM71,CN_MM71_BGC,Biogeochemistry,BGC_14,64.86012,-163.69757,561736,7193501,2017-09-10,15:37,upland,Opq,0.851,0.002,0,0.997,-0.658,0.005,0,0.974,LGR
Seward_Peninsula,Council,NA,CN_MM71,CN_MM71_BGC,Biogeochemistry,BGC_15,64.85999,-163.69698,561764,7193487,2017-09-10,15:58,upland,Trns,2.367,0.212,1.28e-23,0.332,28.176,1.008,1.76e-78,0.759,LGR
Seward_Peninsula,Council,NA,CN_MM71,CN_MM71_BGC,Biogeochemistry,BGC_15,64.85999,-163.69698,561764,7193487,2017-09-10,17:08,upland,Opq,0.685,0.002,0,0.997,2.377,0.011,0,0.993,LGR
Seward_Peninsula,Council,NA,CN_MM71,CN_MM71_BGC,Biogeochemistry,BGC_16,64.85915,-163.69208,561998,7193398,2017-09-10,18:35,slope,Trns,-1.701,0.164,3.83e-21,0.297,-7.457,0.76,1.92e-19,0.275,LGR
Seward_Peninsula,Council,NA,CN_MM71,CN_MM71_BGC,Biogeochemistry,BGC_16,64.85915,-163.69208,561998,7193398,2017-09-10,18:35,slope,Opq,0.286,0.004,2.14e-186,0.962,0.292,0.005,2.05e-159,0.939,LGR
Seward_Peninsula,Council,NA,CN_MM71,CN_MM71_BGC,Biogeochemistry,BGC_17,64.85904,-163.69142,562030,7193386,2017-09-10,18:08,lowland,Trns,0.425,0.002,0,0.993,-0.275,0.003,0,0.955,LGR
Seward_Peninsula,Council,NA,CN_MM71,CN_MM71_BGC,Biogeochemistry,BGC_17,64.85904,-163.69142,562030,7193386,2017-09-10,18:08,lowland,Opq,0.504,0.001,0,0.999,-0.186,0.003,1.57e-232,0.841,LGR
Seward_Peninsula,Council,NA,CN_MM71,CN_MM71_BGC,Biogeochemistry,BGC_18,64.85911,-163.69101,562049,7193395,2017-09-10,17:34,upland,Trns,0.31,0.001,0,0.996,-0.492,0.004,2.8e-293,0.975,LGR
Seward_Peninsula,Council,NA,CN_MM71,CN_MM71_BGC,Biogeochemistry,BGC_18,64.85911,-163.69101,562049,7193395,2017-09-10,17:34,upland,Opq,0.601,0.003,1.85185685374216e-319,0.995,-0.575,0.007,1.1e-191,0.956,LGR
Seward_Peninsula,Council,NA,CN_MM71,CN_MM71_BGC,Biogeochemistry,BGC_20,64.85937,-163.69061,562067,7193424,2017-09-10,17:54,lowland,Opq,1.543,0.004,0,0.998,56.089,0.109,0,0.999,LGR
Seward_Peninsula,Council,NA,CN_MM71,CN_MM71_BGC,Biogeochemistry,BGC_20,64.85937,-163.69061,562067,7193424,2017-09-10,17:54,lowland,Trns,0.335,0.011,3.27e-67,0.861,55.064,0.367,3.94e-167,0.993,LGR
Seward_Peninsula,Council,NA,CN_MM71,CN_MM71_BGC,Biogeochemistry,BGC_3,64.86009,-163.69769,561730,7193497,2017-09-10,14:07,lowland,Opq,0.494,0.002,1.57e-283,0.996,12.157,0.025,0,0.999,LGR
Seward_Peninsula,Council,NA,CN_MM71,CN_MM71_BGC,Biogeochemistry,BGC_3,64.86009,-163.69769,561730,7193497,2017-09-10,14:07,lowland,Trns,-5.861,0.79,3.83e-12,0.22,-14.342,3.797,0.000212,0.065,LGR
Seward_Peninsula,Council,NA,CN_MM71,CN_MM71_BGC,Biogeochemistry,BGC_4,64.85978,-163.69829,561702,7193462,2017-09-10,13:52,upland,Trns,1.028,0.277,0.000265,0.063,124.563,1.957,4.51e-130,0.955,LGR
Seward_Peninsula,Council,NA,CN_MM71,CN_MM71_BGC,Biogeochemistry,BGC_4,64.85978,-163.69829,561702,7193462,2017-09-10,13:52,upland,Opq,1.399,0.018,4.78e-183,0.956,623.351,13.232,2.23e-131,0.892,LGR
Seward_Peninsula,Council,NA,CN_MM71,CN_MM71_BGC,Biogeochemistry,BGC_5,64.85936,-163.70338,561462,7193410,2017-09-10,13:37,slope,Opq,0.34,0.002,5.21e-294,0.992,-0.155,0.006,4.31e-76,0.705,LGR
Seward_Peninsula,Council,NA,CN_MM71,CN_MM71_BGC,Biogeochemistry,BGC_5,64.85936,-163.70338,561462,7193410,2017-09-10,13:37,slope,Trns,-0.894,0.011,1.94e-158,0.973,-0.668,0.008,3.29e-156,0.971,LGR
Seward_Peninsula,Council,NA,CN_MM71,CN_MM71_BGC,Biogeochemistry,BGC_9,64.85976,-163.70061,561593,7193458,2017-09-10,12:56,upland,Opq,0.653,0.003,0,0.994,0.846,0.006,3.42e-292,0.984,LGR
Seward_Peninsula,Council,NA,CN_MM71,CN_MM71_BGC,Biogeochemistry,BGC_9,64.85976,-163.70061,561593,7193458,2017-09-10,12:56,upland,Trns,-0.576,0.006,1.06e-138,0.987,0.327,0.015,2.48e-48,0.768,LGR
Seward_Peninsula,Council,NA,CN_MM71,CN_MM71_BGC,Biogeochemistry,BGC_1,64.85995,-163.70358,561451,7193476,2018-06-21,14:13,upland,Opq,1.555,0.008,2.9e-223,0.994,0.064,0.017,0.00022,0.063,LGR
Seward_Peninsula,Council,NA,CN_MM71,CN_MM71_BGC,Biogeochemistry,BGC_1,64.85995,-163.70358,561451,7193476,2018-06-21,14:13,upland,Trns,-1.717,0.007,3.27e-139,0.999,0.215,0.025,1.54e-13,0.426,LGR
Seward_Peninsula,Council,NA,CN_MM71,CN_MM71_BGC,Biogeochemistry,BGC_10,64.85963,-163.69995,561624,7193444,2018-06-21,16:24,upland,Trns,0.423,0.003,7.09e-201,0.992,-0.461,0.019,9.19e-62,0.763,LGR
Seward_Peninsula,Council,NA,CN_MM71,CN_MM71_BGC,Biogeochemistry,BGC_10,64.85963,-163.69995,561624,7193444,2018-06-21,16:24,upland,Opq,1.532,0.003,8.19e-292,0.999,-0.73,0.011,2.41e-136,0.96,LGR
Seward_Peninsula,Council,NA,CN_MM71,CN_MM71_BGC,Biogeochemistry,BGC_11,64.85941,-163.70348,561457,7193416,2018-06-21,16:40,slope,Opq,1.796,0.003,0,0.999,208.461,0.19,0,1,LGR
Seward_Peninsula,Council,NA,CN_MM71,CN_MM71_BGC,Biogeochemistry,BGC_11,64.85941,-163.70348,561457,7193416,2018-06-21,16:40,slope,Trns,1.353,0.005,8.06e-249,0.997,459.565,8.645,8.26e-117,0.936,LGR
Seward_Peninsula,Council,NA,CN_MM71,CN_MM71_BGC,Biogeochemistry,BGC_12,64.85974,-163.69836,561699,7193458,2018-06-21,17:19,lowland,Opq,1.805,0.002,0,1,1.295,0.006,2.54e-232,0.996,LGR
Seward_Peninsula,Council,NA,CN_MM71,CN_MM71_BGC,Biogeochemistry,BGC_12,64.85974,-163.69836,561699,7193458,2018-06-21,17:19,lowland,Trns,-0.78,0.007,1.7e-102,0.993,1.486,0.022,1.17e-81,0.98,LGR
Seward_Peninsula,Council,NA,CN_MM71,CN_MM71_BGC,Biogeochemistry,BGC_13,64.8597,-163.70341,561460,7193448,2018-06-21,18:04,upland,Trns,0.135,0.019,2.18e-10,0.365,284.315,3.392,5.47e-85,0.988,LGR
Seward_Peninsula,Council,NA,CN_MM71,CN_MM71_BGC,Biogeochemistry,BGC_13,64.8597,-163.70341,561460,7193448,2018-06-21,18:04,upland,Opq,1.906,0.018,6.04e-125,0.988,296.036,1.916,1.93e-146,0.995,LGR
Seward_Peninsula,Council,NA,CN_MM71,CN_MM71_BGC,Biogeochemistry,BGC_14,64.86012,-163.69757,561736,7193501,2018-06-21,17:37,upland,Trns,0.294,0.011,2.17e-46,0.886,-0.636,0.031,5.54e-37,0.82,LGR
Seward_Peninsula,Council,NA,CN_MM71,CN_MM71_BGC,Biogeochemistry,BGC_14,64.86012,-163.69757,561736,7193501,2018-06-21,17:37,upland,Opq,2.14,0.02,1.16e-173,0.984,-1.172,0.023,4.19e-114,0.934,LGR
Seward_Peninsula,Council,NA,CN_MM71,CN_MM71_BGC,Biogeochemistry,BGC_15,64.85999,-163.69698,561764,7193487,2018-06-21,18:19,upland,Opq,1.839,0.005,0,0.998,0.285,0.006,1.49e-139,0.889,LGR
Seward_Peninsula,Council,NA,CN_MM71,CN_MM71_BGC,Biogeochemistry,BGC_15,64.85999,-163.69698,561764,7193487,2018-06-21,18:19,upland,Trns,0.137,0.003,2.7e-98,0.902,0.075,0.003,2.54e-60,0.754,LGR
Seward_Peninsula,Council,NA,CN_MM71,CN_MM71_BGC,Biogeochemistry,BGC_16,64.85915,-163.69208,561998,7193398,2018-06-21,12:31,slope,Trns,-1.059,0.017,1.62e-106,0.965,0.229,0.015,1.84e-31,0.61,LGR
Seward_Peninsula,Council,NA,CN_MM71,CN_MM71_BGC,Biogeochemistry,BGC_16,64.85915,-163.69208,561998,7193398,2018-06-21,12:31,slope,Opq,0.646,0.004,9.8e-202,0.992,0.17,0.012,2.52e-32,0.518,LGR
Seward_Peninsula,Council,NA,CN_MM71,CN_MM71_BGC,Biogeochemistry,BGC_17,64.85904,-163.69142,562030,7193386,2018-06-21,12:15,lowland,Trns,-0.624,0.018,2.9e-84,0.862,0.961,0.016,1.16e-127,0.951,LGR
Seward_Peninsula,Council,NA,CN_MM71,CN_MM71_BGC,Biogeochemistry,BGC_17,64.85904,-163.69142,562030,7193386,2018-06-21,12:15,lowland,Opq,0.853,0.008,2.77e-136,0.987,1.168,0.021,7.33e-99,0.957,LGR
Seward_Peninsula,Council,NA,CN_MM71,CN_MM71_BGC,Biogeochemistry,BGC_18,64.85911,-163.69101,562049,7193395,2018-06-21,12:01,upland,Trns,0.035,0.004,2.27e-16,0.374,-0.097,0.014,1.36e-10,0.247,LGR
Seward_Peninsula,Council,NA,CN_MM71,CN_MM71_BGC,Biogeochemistry,BGC_18,64.85911,-163.69101,562049,7193395,2018-06-21,12:01,upland,Opq,1.106,0.006,3.11e-265,0.993,-0.071,0.006,7.53e-24,0.341,LGR
Seward_Peninsula,Council,NA,CN_MM71,CN_MM71_BGC,Biogeochemistry,BGC_19,64.85921,-163.69075,562061,7193406,2018-06-21,11:42,slope,Trns,0.14,0.002,8.53e-154,0.945,0.076,0.002,1.17e-90,0.817,LGR
Seward_Peninsula,Council,NA,CN_MM71,CN_MM71_BGC,Biogeochemistry,BGC_19,64.85921,-163.69075,562061,7193406,2018-06-21,11:42,slope,Opq,1.798,0.005,0,0.998,0.292,0.008,2.79e-100,0.849,LGR
Seward_Peninsula,Council,NA,CN_MM71,CN_MM71_BGC,Biogeochemistry,BGC_2,64.85983,-163.70351,561455,7193463,2018-06-21,14:27,slope,Opq,1.708,0.005,2.90449335614569e-317,0.998,-0.106,0.006,1.51e-41,0.532,LGR
Seward_Peninsula,Council,NA,CN_MM71,CN_MM71_BGC,Biogeochemistry,BGC_2,64.85983,-163.70351,561455,7193463,2018-06-21,14:27,slope,Trns,-0.613,0.006,8.39e-168,0.982,0.085,0.01,4.15e-14,0.255,LGR
Seward_Peninsula,Council,NA,CN_MM71,CN_MM71_BGC,Biogeochemistry,BGC_20,64.85937,-163.69061,562067,7193424,2018-06-21,11:25,lowland,Opq,1.309,0.004,0,0.997,86.26,0.209,0,0.998,LGR
Seward_Peninsula,Council,NA,CN_MM71,CN_MM71_BGC,Biogeochemistry,BGC_20,64.85937,-163.69061,562067,7193424,2018-06-21,11:25,lowland,Trns,0.675,0.014,1.09e-75,0.958,467.531,3.547,3.03e-120,0.994,LGR
Seward_Peninsula,Council,NA,CN_MM71,CN_MM71_BGC,Biogeochemistry,BGC_3,64.86009,-163.69769,561730,7193497,2018-06-21,14:41,lowland,Opq,1.323,0.008,7.87e-248,0.991,9.824,0.078,9.21e-220,0.985,LGR
Seward_Peninsula,Council,NA,CN_MM71,CN_MM71_BGC,Biogeochemistry,BGC_3,64.86009,-163.69769,561730,7193497,2018-06-21,14:41,lowland,Trns,-0.285,0.008,1.02e-48,0.941,13.186,0.066,3.8e-105,0.998,LGR
Seward_Peninsula,Council,NA,CN_MM71,CN_MM71_BGC,Biogeochemistry,BGC_4,64.85978,-163.69829,561702,7193462,2018-06-21,14:50,upland,Trns,0.672,0.003,3.29e-182,0.997,112.38,0.42,5.03e-195,0.998,LGR
Seward_Peninsula,Council,NA,CN_MM71,CN_MM71_BGC,Biogeochemistry,BGC_4,64.85978,-163.69829,561702,7193462,2018-06-21,14:50,upland,Opq,4.153,0.02,0,0.991,176.34,0.62,0,0.995,LGR
Seward_Peninsula,Council,NA,CN_MM71,CN_MM71_BGC,Biogeochemistry,BGC_5,64.85936,-163.70338,561462,7193410,2018-06-21,15:14,slope,Trns,-0.33,0.005,6.85e-130,0.949,-0.109,0.012,7.53e-18,0.311,LGR
Seward_Peninsula,Council,NA,CN_MM71,CN_MM71_BGC,Biogeochemistry,BGC_5,64.85936,-163.70338,561462,7193410,2018-06-21,15:14,slope,Opq,2.373,0.027,5.41e-158,0.976,-0.402,0.014,6.34e-70,0.802,LGR
Seward_Peninsula,Council,NA,CN_MM71,CN_MM71_BGC,Biogeochemistry,BGC_6,64.85941,-163.70335,561464,7193416,2018-06-21,15:28,lowland,Opq,0.857,0.006,2.87e-192,0.99,-0.059,0.02,0.00291,0.041,LGR
Seward_Peninsula,Council,NA,CN_MM71,CN_MM71_BGC,Biogeochemistry,BGC_6,64.85941,-163.70335,561464,7193416,2018-06-21,15:28,lowland,Trns,0.37,0.003,3.4e-173,0.984,0.112,0.011,9.52e-20,0.35,LGR
Seward_Peninsula,Council,NA,CN_MM71,CN_MM71_BGC,Biogeochemistry,BGC_9,64.85976,-163.70061,561593,7193458,2018-06-21,15:54,upland,Trns,-0.218,0.004,1.54e-95,0.949,0.139,0.012,5.43e-22,0.471,LGR
Seward_Peninsula,Council,NA,CN_MM71,CN_MM71_BGC,Biogeochemistry,BGC_9,64.85976,-163.70061,561593,7193458,2018-06-21,15:54,upland,Opq,1.151,0.008,1.82e-156,0.993,0.283,0.014,8.62e-44,0.739,LGR
Seward_Peninsula,Council,NA,CN_MM71,CN_MM71_EC,Biogeochemistry,EC_1,64.86172,-163.70102,561569,7193676,2018-06-22,14:20,upland,Trns,-0.067,0.006,1.57e-25,0.316,0.301,0.005,6.7e-169,0.932,LGR
Seward_Peninsula,Council,NA,CN_MM71,CN_MM71_EC,Biogeochemistry,EC_1,64.86172,-163.70102,561569,7193676,2018-06-22,14:20,upland,Opq,0.741,0.008,1.92e-94,0.989,0.243,0.016,8.21e-27,0.704,LGR
Seward_Peninsula,Council,NA,CN_MM71,CN_MM71_EC,Biogeochemistry,EC_2,64.86169,-163.7012,561560,7193672,2018-06-22,14:12,upland,Opq,1.021,0.007,1.34e-158,0.994,0.223,0.021,3.35e-20,0.449,LGR
Seward_Peninsula,Council,NA,CN_MM71,CN_MM71_EC,Biogeochemistry,EC_2,64.86169,-163.7012,561560,7193672,2018-06-22,14:12,upland,Trns,-1.899,0.018,1.14e-100,0.992,0.023,0.046,0.615,-0.008,LGR
Seward_Peninsula,Council,NA,CN_MM71,CN_MM71_EC,Biogeochemistry,EC_3,64.86176,-163.70117,561561,7193680,2018-06-22,14:30,lowland,Trns,-0.542,0.004,2.64e-201,0.992,2.374,0.012,9.41e-223,0.995,LGR
Seward_Peninsula,Council,NA,CN_MM71,CN_MM71_EC,Biogeochemistry,EC_3,64.86176,-163.70117,561561,7193680,2018-06-22,14:30,lowland,Opq,0.825,0.005,9.64e-207,0.993,2.379,0.012,1.38e-220,0.995,LGR
Seward_Peninsula,Council,NA,CN_MM71,CN_MM71_EC,Biogeochemistry,EC_4,64.86176,-163.70157,561543,7193679,2018-06-22,17:22,lowland,Trns,0.023,0.004,3.67e-09,0.163,30.028,0.098,7.6e-259,0.998,LGR
Seward_Peninsula,Council,NA,CN_MM71,CN_MM71_EC,Biogeochemistry,EC_4,64.86176,-163.70157,561543,7193679,2018-06-22,17:22,lowland,Opq,1.011,0.009,3.36e-102,0.993,31.764,0.237,4.65e-109,0.995,LGR
Seward_Peninsula,Council,NA,CN_MM71,CN_MM71_EC,Biogeochemistry,EC_5,64.86208,-163.7016,561540,7193715,2018-06-22,16:50,upland,Opq,0.551,0.006,1.29e-129,0.983,0.215,0.015,1.58e-28,0.572,LGR
Seward_Peninsula,Council,NA,CN_MM71,CN_MM71_EC,Biogeochemistry,EC_5,64.86208,-163.7016,561540,7193715,2018-06-22,16:50,upland,Trns,-1.052,0.012,7.06e-96,0.988,0.404,0.024,1.56e-30,0.739,LGR
Seward_Peninsula,Council,NA,CN_MM71,CN_MM71_EC,Biogeochemistry,EC_6,64.86201,-163.70172,561535,7193707,2018-06-22,17:05,upland,Trns,-1.158,0.014,1.15e-152,0.973,0.259,0.005,3.39e-115,0.934,LGR
Seward_Peninsula,Council,NA,CN_MM71,CN_MM71_EC,Biogeochemistry,EC_6,64.86201,-163.70172,561535,7193707,2018-06-22,17:05,upland,Opq,1.386,0.009,2.43e-115,0.996,0.301,0.014,1.07e-37,0.82,LGR
Seward_Peninsula,Council,NA,CN_MM71,CN_MM71_EC,Biogeochemistry,EC_7,64.86172,-163.70218,561514,7193674,2018-06-22,17:52,upland,Opq,0.976,0.009,2.54e-175,0.985,0.516,0.011,1.18e-108,0.923,LGR
Seward_Peninsula,Council,NA,CN_MM71,CN_MM71_EC,Biogeochemistry,EC_7,64.86172,-163.70218,561514,7193674,2018-06-22,17:52,upland,Trns,-0.252,0.012,2.45e-44,0.746,0.668,0.015,8.29e-86,0.934,LGR
Seward_Peninsula,Council,NA,CN_MM71,CN_MM71_EC,Biogeochemistry,EC_8,64.86195,-163.70198,561523,7193700,2018-06-22,18:00,upland,Opq,0.96,0.006,1.15e-248,0.991,0.484,0.008,1.31e-149,0.942,LGR
Seward_Peninsula,Council,NA,CN_MM71,CN_MM71_EC,Biogeochemistry,EC_8,64.86195,-163.70198,561523,7193700,2018-06-22,17:48,upland,Trns,-0.968,0.006,3.37e-298,0.99,0.559,0.007,3.06e-202,0.956,LGR
Seward_Peninsula,Council,NA,CN_MM71,CN_MM71_EC,Biogeochemistry,EC_9,64.861537,-163.702015,561522,7193654,2018-06-22,18:03,lowland,Trns,0.013,0.005,0.0164,0.033,51.395,0.238,1.12e-181,0.997,LGR
Seward_Peninsula,Council,NA,CN_MM71,CN_MM71_EC,Biogeochemistry,EC_9,64.861537,-163.702015,561522,7193654,2018-06-22,18:03,lowland,Opq,1.682,0.005,1.44e-269,0.998,48.582,0.164,2.06e-256,0.998,LGR
Seward_Peninsula,Council,NA,CN_MM71,CN_MM71_MW,Biogeochemistry,MW_C,64.860663,-163.700755,561584,7193558,2018-06-22,12:00,upland,Trns,-2.043,0.007,2.35e-253,0.998,0.465,0.015,5.17e-77,0.837,LGR
Seward_Peninsula,Council,NA,CN_MM71,CN_MM71_MW,Biogeochemistry,MW_C,64.860663,-163.700755,561584,7193558,2018-06-22,12:00,upland,Opq,0.851,0.005,1.07e-211,0.994,0.184,0.013,1.69e-32,0.522,LGR
Seward_Peninsula,Council,NA,CN_MM71,CN_MM71_MW,Biogeochemistry,MW_D,64.860695,-163.700762,561583,7193562,2018-06-22,11:51,upland,Opq,0.585,0.001,2.08e-289,0.999,0.052,0.005,1.2e-20,0.363,LGR
Seward_Peninsula,Council,NA,CN_MM71,CN_MM71_MW,Biogeochemistry,MW_D,64.860695,-163.700762,561583,7193562,2018-06-22,11:51,upland,Trns,-0.787,0.006,9.79e-107,0.994,-0.025,0.014,0.0796,0.022,LGR
Seward_Peninsula,Council,NA,CN_MM71,CN_MM71_MW,Biogeochemistry,MW_E,64.860823,-163.700318,561604,7193576,2018-06-22,13:00,lowland,Opq,0.933,0.006,0,0.984,115.56,0.571,0,0.991,LGR
Seward_Peninsula,Council,NA,CN_MM71,CN_MM71_MW,Biogeochemistry,MW_E,64.860823,-163.700318,561604,7193576,2018-06-22,13:00,lowland,Trns,-0.158,0.007,1.26e-53,0.767,109.451,0.498,1.5e-203,0.997,LGR
Seward_Peninsula,Council,NA,CN_MM71,CN_MM71_MW,Biogeochemistry,MW_F,64.860792,-163.701118,561566,7193572,2018-06-22,11:15,upland,Trns,-1.866,0.008,3.38e-288,0.995,0.303,0.012,2.69e-72,0.729,LGR
Seward_Peninsula,Council,NA,CN_MM71,CN_MM71_MW,Biogeochemistry,MW_F,64.860792,-163.701118,561566,7193572,2018-06-22,11:15,upland,Opq,1.173,0.005,4.81e-213,0.998,0.225,0.013,1.47e-37,0.636,LGR
Seward_Peninsula,Council,NA,CN_MM71,CN_MM71_MW,Biogeochemistry,MW_G,64.860792,-163.701112,561566,7193572,2018-06-22,11:25,upland,Trns,-0.431,0.002,9.2e-189,0.997,0.213,0.007,3.81e-62,0.853,LGR
Seward_Peninsula,Council,NA,CN_MM71,CN_MM71_MW,Biogeochemistry,MW_G,64.860792,-163.701112,561566,7193572,2018-06-22,11:25,upland,Opq,0.569,0.002,1.93e-253,0.998,0.234,0.005,8.54e-112,0.93,LGR
Seward_Peninsula,Council,NA,CN_MM71,CN_MM71_MW,Biogeochemistry,MW_H,64.860918,-163.69998,561620,7193587,2018-06-22,13:20,lowland,Opq,1.101,0.009,1.48e-150,0.991,110.05,0.709,5.1e-164,0.994,LGR
Seward_Peninsula,Council,NA,CN_MM71,CN_MM71_MW,Biogeochemistry,MW_H,64.860918,-163.69998,561620,7193587,2018-06-22,13:20,lowland,Trns,-0.472,0.004,6.9e-255,0.982,119.097,0.421,0,0.996,LGR
Seward_Peninsula,Council,NA,CN_MM71,CN_MM71_MW,Biogeochemistry,MW_I,64.86036,-163.700287,561607,7193525,2018-06-22,12:40,upland,Trns,-1.473,0.005,6.85e-243,0.998,1.153,0.016,3.79e-137,0.967,LGR
Seward_Peninsula,Council,NA,CN_MM71,CN_MM71_MW,Biogeochemistry,MW_I,64.86036,-163.700287,561607,7193525,2018-06-22,12:40,upland,Opq,0.608,0.007,3.32e-147,0.979,0.632,0.017,6.25e-85,0.891,LGR
Seward_Peninsula,Council,NA,CN_MM71,CN_MM71_MW,Biogeochemistry,MW_J,64.860387,-163.700453,561599,7193528,2018-06-22,12:29,upland,Trns,-1.155,0.048,5.57e-42,0.859,1.175,0.245,5.8e-06,0.189,LGR
Seward_Peninsula,Council,NA,CN_MM71,CN_MM71_MW,Biogeochemistry,MW_J,64.860387,-163.700453,561599,7193528,2018-06-22,12:29,upland,Opq,0.675,0.009,1.05e-146,0.97,1.75,0.017,1.68e-169,0.983,LGR
Seward_Peninsula,Council,NA,CN_MM71,CN_MM71_EC,Biogeochemistry,EC_1,64.86172,-163.70102,561569,7193676,2018-07-18,15:23,upland,Opq,1.093,0.012,1.98e-255,0.96,0.5,0.006,6.11e-240,0.951,LGR
Seward_Peninsula,Council,NA,CN_MM71,CN_MM71_EC,Biogeochemistry,EC_2,64.86169,-163.7012,561560,7193672,2018-07-18,15:07,upland,Opq,1.598,0.004,0,0.997,0.869,0.004,0,0.992,LGR
Seward_Peninsula,Council,NA,CN_MM71,CN_MM71_EC,Biogeochemistry,EC_3,64.86176,-163.70117,561561,7193680,2018-07-18,15:32,lowland,Opq,1.343,0.002,0,0.999,21.241,0.126,1.01e-288,0.99,LGR
Seward_Peninsula,Council,NA,CN_MM71,CN_MM71_EC,Biogeochemistry,EC_4,64.86176,-163.70157,561543,7193679,2018-07-18,16:18,lowland,Opq,1.525,0.002,0,0.999,165.373,0.178,0,0.999,LGR
Seward_Peninsula,Council,NA,CN_MM71,CN_MM71_EC,Biogeochemistry,EC_5,64.86208,-163.7016,561540,7193715,2018-07-18,15:49,upland,Opq,0.991,0.004,0,0.993,0.575,0.005,1.04e-298,0.967,LGR
Seward_Peninsula,Council,NA,CN_MM71,CN_MM71_EC,Biogeochemistry,EC_6,64.86201,-163.70172,561535,7193707,2018-07-18,15:59,upland,Opq,0.781,0.002,0,0.991,0.697,0.001,0,0.998,LGR
Seward_Peninsula,Council,NA,CN_MM71,CN_MM71_EC,Biogeochemistry,EC_7,64.86172,-163.70218,561514,7193674,2018-07-18,17:01,upland,Opq,0.831,0.002,0,0.997,2.369,0.014,0,0.987,LGR
Seward_Peninsula,Council,NA,CN_MM71,CN_MM71_EC,Biogeochemistry,EC_8,64.86195,-163.70198,561523,7193700,2018-07-18,16:41,upland,Opq,0.545,0.001,0,0.999,17.368,0.043,0,0.997,LGR
Seward_Peninsula,Council,NA,CN_MM71,CN_MM71_EC,Biogeochemistry,EC_9,64.861537,-163.702015,561522,7193654,2018-07-18,16:53,lowland,Opq,1.887,0.008,0,0.994,56.14,0.07,0,1,LGR
Seward_Peninsula,Council,NA,CN_MM71,CN_MM71_BGC,Biogeochemistry,BGC_1,64.85995,-163.70358,561451,7193476,2018-08-31,13:38,upland,Trns,-0.289,0.008,3.34e-74,0.902,0.005,0.017,0.778,-0.006,LGR
Seward_Peninsula,Council,NA,CN_MM71,CN_MM71_BGC,Biogeochemistry,BGC_1,64.85995,-163.70358,561451,7193476,2018-08-31,13:38,upland,Opq,1.463,0.01,4.9e-159,0.994,0.236,0.012,1.45e-41,0.72,LGR
Seward_Peninsula,Council,NA,CN_MM71,CN_MM71_BGC,Biogeochemistry,BGC_10,64.85963,-163.69995,561624,7193444,2018-08-31,15:13,upland,Trns,0.09,0.004,2.2e-36,0.811,-1.07,0.016,3.94e-82,0.979,LGR
Seward_Peninsula,Council,NA,CN_MM71,CN_MM71_BGC,Biogeochemistry,BGC_10,64.85963,-163.69995,561624,7193444,2018-08-31,15:13,upland,Opq,1.16,0.003,1.21e-211,0.999,-0.911,0.008,4.23e-144,0.99,LGR
Seward_Peninsula,Council,NA,CN_MM71,CN_MM71_BGC,Biogeochemistry,BGC_11,64.85941,-163.70348,561457,7193416,2018-08-31,15:23,slope,Opq,2.16,0.007,5.28e-265,0.998,288.804,1.074,2.95e-248,0.997,LGR
Seward_Peninsula,Council,NA,CN_MM71,CN_MM71_BGC,Biogeochemistry,BGC_11,64.85941,-163.70348,561457,7193416,2018-08-31,15:23,slope,Trns,-0.463,0.016,1.26e-72,0.817,342.914,1.684,2.78e-225,0.995,LGR
Seward_Peninsula,Council,NA,CN_MM71,CN_MM71_BGC,Biogeochemistry,BGC_12,64.85974,-163.69836,561699,7193458,2018-08-31,15:40,lowland,Opq,2.834,0.012,2.81e-234,0.996,15.136,0.055,9.15e-250,0.998,LGR
Seward_Peninsula,Council,NA,CN_MM71,CN_MM71_BGC,Biogeochemistry,BGC_12,64.85974,-163.69836,561699,7193458,2018-08-31,15:40,lowland,Trns,-0.845,0.01,5.05e-122,0.979,17.796,0.12,1.32e-158,0.994,LGR
Seward_Peninsula,Council,NA,CN_MM71,CN_MM71_BGC,Biogeochemistry,BGC_13,64.8597,-163.70341,561460,7193448,2018-08-31,15:54,upland,Opq,1.364,0.023,2.64e-102,0.961,151.578,1.261,9.93e-145,0.99,LGR
Seward_Peninsula,Council,NA,CN_MM71,CN_MM71_BGC,Biogeochemistry,BGC_13,64.8597,-163.70341,561460,7193448,2018-08-31,15:54,upland,Trns,-0.235,0.02,2.23e-20,0.595,155.474,1.38,4.18e-102,0.993,LGR
Seward_Peninsula,Council,NA,CN_MM71,CN_MM71_BGC,Biogeochemistry,BGC_14,64.86012,-163.69757,561736,7193501,2018-08-31,16:09,upland,Trns,0.227,0.005,3e-103,0.906,-0.32,0.01,9.91e-79,0.833,LGR
Seward_Peninsula,Council,NA,CN_MM71,CN_MM71_BGC,Biogeochemistry,BGC_14,64.86012,-163.69757,561736,7193501,2018-08-31,16:09,upland,Opq,1.508,0.011,4.72e-176,0.992,-0.266,0.011,4.53e-55,0.77,LGR
Seward_Peninsula,Council,NA,CN_MM71,CN_MM71_BGC,Biogeochemistry,BGC_15,64.85999,-163.69698,561764,7193487,2018-08-31,16:22,upland,Trns,0.083,0.005,3.26e-31,0.758,713.323,4.181,5.64e-120,0.997,LGR
Seward_Peninsula,Council,NA,CN_MM71,CN_MM71_BGC,Biogeochemistry,BGC_15,64.85999,-163.69698,561764,7193487,2018-08-31,16:22,upland,Opq,2.958,0.02,2.9e-73,0.997,758.224,2.524,4.1e-90,0.999,LGR
Seward_Peninsula,Council,NA,CN_MM71,CN_MM71_BGC,Biogeochemistry,BGC_16,64.85915,-163.69208,561998,7193398,2018-08-31,12:52,slope,Opq,2.592,0.02,3.41e-186,0.988,3.123,0.013,3.19e-237,0.997,LGR
Seward_Peninsula,Council,NA,CN_MM71,CN_MM71_BGC,Biogeochemistry,BGC_16,64.85915,-163.69208,561998,7193398,2018-08-31,12:52,slope,Trns,-0.293,0.014,1.09e-54,0.637,2.706,0.012,1.92e-277,0.995,LGR
Seward_Peninsula,Council,NA,CN_MM71,CN_MM71_BGC,Biogeochemistry,BGC_17,64.85904,-163.69142,562030,7193386,2018-08-31,12:34,lowland,Trns,-0.253,0.007,1.18e-115,0.789,-0.561,0.007,5.49e-228,0.955,LGR
Seward_Peninsula,Council,NA,CN_MM71,CN_MM71_BGC,Biogeochemistry,BGC_17,64.85904,-163.69142,562030,7193386,2018-08-31,12:34,lowland,Opq,2.306,0.015,2.41e-279,0.988,-0.121,0.019,1.53e-09,0.117,LGR
Seward_Peninsula,Council,NA,CN_MM71,CN_MM71_BGC,Biogeochemistry,BGC_18,64.85911,-163.69101,562049,7193395,2018-08-31,12:22,upland,Opq,0.857,0.004,3.28e-127,0.998,-0.451,0.017,1.84e-45,0.881,LGR
Seward_Peninsula,Council,NA,CN_MM71,CN_MM71_BGC,Biogeochemistry,BGC_18,64.85911,-163.69101,562049,7193395,2018-08-31,12:22,upland,Trns,0.33,0.003,1.62e-166,0.981,-0.427,0.005,1.2e-153,0.974,LGR
Seward_Peninsula,Council,NA,CN_MM71,CN_MM71_BGC,Biogeochemistry,BGC_19,64.85921,-163.69075,562061,7193406,2018-08-31,12:06,slope,Trns,-0.411,0.021,2.83e-50,0.603,-0.298,0.086,0.000592,0.044,LGR
Seward_Peninsula,Council,NA,CN_MM71,CN_MM71_BGC,Biogeochemistry,BGC_19,64.85921,-163.69075,562061,7193406,2018-08-31,12:06,slope,Opq,1.101,0.013,6.01e-155,0.974,0.267,0.004,2.97e-130,0.954,LGR
Seward_Peninsula,Council,NA,CN_MM71,CN_MM71_BGC,Biogeochemistry,BGC_2,64.85983,-163.70351,561455,7193463,2018-08-31,13:55,slope,Trns,0.287,0.006,2.73e-91,0.943,4.472,0.019,5.39e-188,0.997,LGR
Seward_Peninsula,Council,NA,CN_MM71,CN_MM71_BGC,Biogeochemistry,BGC_2,64.85983,-163.70351,561455,7193463,2018-08-31,13:55,slope,Opq,1.001,0.005,7.5e-271,0.994,5.033,0.032,9.14e-245,0.991,LGR
Seward_Peninsula,Council,NA,CN_MM71,CN_MM71_BGC,Biogeochemistry,BGC_20,64.85937,-163.69061,562067,7193424,2018-08-31,11:45,lowland,Trns,1.969,0.26,1.41e-12,0.221,-54.169,12.476,2.26e-05,0.083,LGR
Seward_Peninsula,Council,NA,CN_MM71,CN_MM71_BGC,Biogeochemistry,BGC_20,64.85937,-163.69061,562067,7193424,2018-08-31,11:45,lowland,Opq,2.154,0.001,0,1,127.735,0.174,0,0.999,LGR
Seward_Peninsula,Council,NA,CN_MM71,CN_MM71_BGC,Biogeochemistry,BGC_3,64.86009,-163.69769,561730,7193497,2018-08-31,14:09,lowland,Trns,-0.789,0.003,1.07e-187,0.997,146.398,0.09,4.17e-307,1,LGR
Seward_Peninsula,Council,NA,CN_MM71,CN_MM71_BGC,Biogeochemistry,BGC_3,64.86009,-163.69769,561730,7193497,2018-08-31,14:09,lowland,Opq,2.385,0.005,9.47e-297,0.999,141.075,0.248,2.64999999999998e-310,0.999,LGR
Seward_Peninsula,Council,NA,CN_MM71,CN_MM71_BGC,Biogeochemistry,BGC_4,64.85978,-163.69829,561702,7193462,2018-08-31,14:26,upland,Trns,-0.067,0.001,9.3e-194,0.953,98.496,2.165,1.67e-133,0.877,LGR
Seward_Peninsula,Council,NA,CN_MM71,CN_MM71_BGC,Biogeochemistry,BGC_4,64.85978,-163.69829,561702,7193462,2018-08-31,14:26,upland,Opq,1.311,0.002,0,1,43.42,1.511,1.86e-71,0.81,LGR
Seward_Peninsula,Council,NA,CN_MM71,CN_MM71_BGC,Biogeochemistry,BGC_6,64.85941,-163.70335,561464,7193416,2018-08-31,14:45,lowland,Trns,2.49,0.021,3.57e-179,0.986,0.632,0.067,1.54e-17,0.314,LGR
Seward_Peninsula,Council,NA,CN_MM71,CN_MM71_BGC,Biogeochemistry,BGC_6,64.85941,-163.70335,561464,7193416,2018-08-31,14:45,lowland,Opq,1.832,0.013,1.15e-265,0.985,-0.229,0.004,5.13e-160,0.92,LGR
Seward_Peninsula,Council,NA,CN_MM71,CN_MM71_BGC,Biogeochemistry,BGC_9,64.85976,-163.70061,561593,7193458,2018-08-31,15:02,upland,Trns,-0.246,0.003,1e-122,0.982,2.12,0.027,5.46e-116,0.978,LGR
Seward_Peninsula,Council,NA,CN_MM71,CN_MM71_BGC,Biogeochemistry,BGC_9,64.85976,-163.70061,561593,7193458,2018-08-31,15:02,upland,Opq,0.727,0.009,2.46e-123,0.98,3.384,0.037,3.86e-129,0.983,LGR
Seward_Peninsula,Council,NA,CN_MM71,CN_MM71_BGC,Biogeochemistry,BGC_1,64.85995,-163.70358,561451,7193476,2018-07-19,13:35,upland,Opq,2.096,0.025,NA,NA,-0.2,0.006,NA,NA,Pic
Seward_Peninsula,Council,NA,CN_MM71,CN_MM71_BGC,Biogeochemistry,BGC_10,64.85963,-163.69995,561624,7193444,2018-07-19,16:03,upland,Opq,0.914,0.001,NA,NA,-1.002,0.001,NA,NA,Pic
Seward_Peninsula,Council,NA,CN_MM71,CN_MM71_BGC,Biogeochemistry,BGC_11,64.85941,-163.70348,561457,7193416,2018-07-19,16:29,slope,Opq,1.907,0.004,NA,NA,384.473,0.575,NA,NA,Pic
Seward_Peninsula,Council,NA,CN_MM71,CN_MM71_BGC,Biogeochemistry,BGC_12,64.85974,-163.69836,561699,7193458,2018-07-19,16:48,lowland,Opq,1.652,0.002,NA,NA,5.335,0.018,NA,NA,Pic
Seward_Peninsula,Council,NA,CN_MM71,CN_MM71_BGC,Biogeochemistry,BGC_13,64.8597,-163.70341,561460,7193448,2018-07-19,17:07,upland,Opq,2.634,0.006,NA,NA,367.676,0.618,NA,NA,Pic
Seward_Peninsula,Council,NA,CN_MM71,CN_MM71_BGC,Biogeochemistry,BGC_14,64.86012,-163.69757,561736,7193501,2018-07-19,17:24,upland,Opq,1.009,0.001,NA,NA,-0.898,0.004,NA,NA,Pic
Seward_Peninsula,Council,NA,CN_MM71,CN_MM71_BGC,Biogeochemistry,BGC_15,64.85999,-163.69698,561764,7193487,2018-07-19,17:39,upland,Opq,1.741,0.005,NA,NA,17.002,0.149,NA,NA,Pic
Seward_Peninsula,Council,NA,CN_MM71,CN_MM71_BGC,Biogeochemistry,BGC_16,64.85915,-163.69208,561998,7193398,2018-07-20,12:33,slope,Opq,0.371,0.007,NA,NA,0.118,0.007,NA,NA,Pic
Seward_Peninsula,Council,NA,CN_MM71,CN_MM71_BGC,Biogeochemistry,BGC_17,64.85904,-163.69142,562030,7193386,2018-07-20,12:21,lowland,Opq,1.822,0.004,NA,NA,0.679,0.006,NA,NA,Pic
Seward_Peninsula,Council,NA,CN_MM71,CN_MM71_BGC,Biogeochemistry,BGC_18,64.85911,-163.69101,562049,7193395,2018-07-20,12:01,upland,Opq,1.554,0.011,NA,NA,0.881,0.01,NA,NA,Pic
Seward_Peninsula,Council,NA,CN_MM71,CN_MM71_BGC,Biogeochemistry,BGC_19,64.85921,-163.69075,562061,7193406,2018-07-20,11:49,slope,Opq,1.194,0.004,NA,NA,-0.348,0.002,NA,NA,Pic
Seward_Peninsula,Council,NA,CN_MM71,CN_MM71_BGC,Biogeochemistry,BGC_2,64.85983,-163.70351,561455,7193463,2018-07-19,13:49,slope,Opq,1.17,0.003,NA,NA,-0.258,0.003,NA,NA,Pic
Seward_Peninsula,Council,NA,CN_MM71,CN_MM71_BGC,Biogeochemistry,BGC_20,64.85937,-163.69061,562067,7193424,2018-07-20,11:34,lowland,Opq,2.519,0.016,NA,NA,-0.02,0.004,NA,NA,Pic
Seward_Peninsula,Council,NA,CN_MM71,CN_MM71_BGC,Biogeochemistry,BGC_3,64.86009,-163.69769,561730,7193497,2018-07-19,14:14,lowland,Opq,1.327,0.001,NA,NA,26.992,0.019,NA,NA,Pic
Seward_Peninsula,Council,NA,CN_MM71,CN_MM71_BGC,Biogeochemistry,BGC_4,64.85978,-163.69829,561702,7193462,2018-07-19,14:51,upland,Opq,4.866,0.004,NA,NA,475.774,1.121,NA,NA,Pic
Seward_Peninsula,Council,NA,CN_MM71,CN_MM71_BGC,Biogeochemistry,BGC_5,64.85936,-163.70338,561462,7193410,2018-07-19,14:29,slope,Opq,1.379,0.005,NA,NA,-0.461,0.006,NA,NA,Pic
Seward_Peninsula,Council,NA,CN_MM71,CN_MM71_BGC,Biogeochemistry,BGC_6,64.85941,-163.70335,561464,7193416,2018-07-19,15:26,lowland,Opq,0.54,0.001,NA,NA,-0.194,0.003,NA,NA,Pic
Seward_Peninsula,Council,NA,CN_MM71,CN_MM71_BGC,Biogeochemistry,BGC_9,64.85976,-163.70061,561593,7193458,2018-07-19,15:43,upland,Opq,0.468,0.002,NA,NA,0.203,0.002,NA,NA,Pic
Seward_Peninsula,Council,NA,CN_MM71,CN_MM71_EC,Biogeochemistry,EC_1,64.86172,-163.70102,561569,7193676,2018-07-18,16:44,upland,Opq,1.034,0.009,NA,NA,0.536,0.01,NA,NA,Pic
Seward_Peninsula,Council,NA,CN_MM71,CN_MM71_EC,Biogeochemistry,EC_2,64.86169,-163.7012,561560,7193672,2018-07-18,16:26,upland,Opq,2.044,0.007,NA,NA,0.875,0.003,NA,NA,Pic
Seward_Peninsula,Council,NA,CN_MM71,CN_MM71_EC,Biogeochemistry,EC_3,64.86176,-163.70117,561561,7193680,2018-07-18,16:52,lowland,Opq,1.14,0.003,NA,NA,19.393,0.066,NA,NA,Pic
Seward_Peninsula,Council,NA,CN_MM71,CN_MM71_EC,Biogeochemistry,EC_4,64.86176,-163.70157,561543,7193679,2018-07-18,17:23,lowland,Opq,1.226,0.004,NA,NA,174.598,0.307,NA,NA,Pic
Seward_Peninsula,Council,NA,CN_MM71,CN_MM71_EC,Biogeochemistry,EC_5,64.86208,-163.7016,561540,7193715,2018-07-18,17:15,upland,Opq,0.654,0.002,NA,NA,0.414,0.003,NA,NA,Pic
Seward_Peninsula,Council,NA,CN_MM71,CN_MM71_EC,Biogeochemistry,EC_6,64.86201,-163.70172,561535,7193707,2018-07-18,17:06,upland,Opq,0.691,0.003,NA,NA,0.741,0.003,NA,NA,Pic
Seward_Peninsula,Council,NA,CN_MM71,CN_MM71_EC,Biogeochemistry,EC_7,64.86172,-163.70218,561514,7193674,2018-07-18,17:35,upland,Opq,0.838,0.002,NA,NA,3.009,0.013,NA,NA,Pic
Seward_Peninsula,Council,NA,CN_MM71,CN_MM71_EC,Biogeochemistry,EC_8,64.86195,-163.70198,561523,7193700,2018-07-18,17:44,upland,Opq,0.537,0.002,NA,NA,21.572,0.034,NA,NA,Pic
Seward_Peninsula,Council,NA,CN_MM71,CN_MM71_EC,Biogeochemistry,EC_9,64.861537,-163.702015,561522,7193654,2018-07-18,17:54,lowland,Opq,1.766,0.003,NA,NA,53.796,0.193,NA,NA,Pic
Seward_Peninsula,Council,NA,CN_MM71,CN_MM71_BGC,Biogeochemistry,BGC_1,64.85995,-163.70358,561451,7193476,2019-06-20,12:50,upland,Trns,-0.764,0.032,NA,NA,-0.061,0.006,NA,NA,Pic
Seward_Peninsula,Council,NA,CN_MM71,CN_MM71_BGC,Biogeochemistry,BGC_10,64.85963,-163.69995,561624,7193444,2019-06-20,13:44,upland,Trns,-0.481,0.004,NA,NA,-0.676,0.006,NA,NA,Pic
Seward_Peninsula,Council,NA,CN_MM71,CN_MM71_BGC,Biogeochemistry,BGC_11,64.85941,-163.70348,561457,7193416,2019-06-20,13:56,slope,Trns,0.24,0.024,NA,NA,1050.337,16.429,NA,NA,Pic
Seward_Peninsula,Council,NA,CN_MM71,CN_MM71_BGC,Biogeochemistry,BGC_12,64.85974,-163.69836,561699,7193458,2019-06-20,14:19,lowland,Trns,-2.025,0.026,NA,NA,13.247,0.035,NA,NA,Pic
Seward_Peninsula,Council,NA,CN_MM71,CN_MM71_BGC,Biogeochemistry,BGC_14,64.86012,-163.69757,561736,7193501,2019-06-20,14:43,upland,Trns,-0.71,0.008,NA,NA,-0.875,0.012,NA,NA,Pic
Seward_Peninsula,Council,NA,CN_MM71,CN_MM71_BGC,Biogeochemistry,BGC_15,64.85999,-163.69698,561764,7193487,2019-06-20,14:53,upland,Trns,-0.65,0.02,NA,NA,623.367,13.581,NA,NA,Pic
Seward_Peninsula,Council,NA,CN_MM71,CN_MM71_BGC,Biogeochemistry,BGC_16,64.85915,-163.69208,561998,7193398,2019-06-20,18:38,slope,Trns,-1.669,0.023,NA,NA,0.183,0.007,NA,NA,Pic
Seward_Peninsula,Council,NA,CN_MM71,CN_MM71_BGC,Biogeochemistry,BGC_17,64.85904,-163.69142,562030,7193386,2019-06-20,18:19,lowland,Trns,-1.1,0.014,NA,NA,1.252,0.014,NA,NA,Pic
Seward_Peninsula,Council,NA,CN_MM71,CN_MM71_BGC,Biogeochemistry,BGC_18,64.85911,-163.69101,562049,7193395,2019-06-20,18:15,upland,Trns,0.631,0.013,NA,NA,0.295,0.011,NA,NA,Pic
Seward_Peninsula,Council,NA,CN_MM71,CN_MM71_BGC,Biogeochemistry,BGC_19,64.85921,-163.69075,562061,7193406,2019-06-20,17:58,slope,Trns,1.283,0.018,NA,NA,1.598,0.01,NA,NA,Pic
Seward_Peninsula,Council,NA,CN_MM71,CN_MM71_BGC,Biogeochemistry,BGC_2,64.85983,-163.70351,561455,7193463,2019-06-20,12:57,slope,Trns,-1.115,0.063,NA,NA,0.022,0.04,NA,NA,Pic
Seward_Peninsula,Council,NA,CN_MM71,CN_MM71_BGC,Biogeochemistry,BGC_20,64.85937,-163.69061,562067,7193424,2019-06-20,17:50,lowland,Trns,-2.809,0.031,NA,NA,248.618,0.63,NA,NA,Pic
Seward_Peninsula,Council,NA,CN_MM71,CN_MM71_BGC,Biogeochemistry,BGC_3,64.86009,-163.69769,561730,7193497,2019-06-20,13:03,lowland,Trns,-0.385,0.008,NA,NA,53.751,0.64,NA,NA,Pic
Seward_Peninsula,Council,NA,CN_MM71,CN_MM71_BGC,Biogeochemistry,BGC_4,64.85978,-163.69829,561702,7193462,2019-06-20,13:22,upland,Trns,-0.549,0.055,NA,NA,311.546,14.144,NA,NA,Pic
Seward_Peninsula,Council,NA,CN_MM71,CN_MM71_BGC,Biogeochemistry,BGC_6,64.85941,-163.70335,561464,7193416,2019-06-20,13:15,lowland,Trns,0.398,0.001,NA,NA,0.007,0.002,NA,NA,Pic
Seward_Peninsula,Council,NA,CN_MM71,CN_MM71_BGC,Biogeochemistry,BGC_9,64.85976,-163.70061,561593,7193458,2019-06-20,13:37,upland,Trns,-1.46,0.018,NA,NA,0.054,0.008,NA,NA,Pic
Seward_Peninsula,Council,NA,CN_MM71,CN_MM71_BGC,Biogeochemistry,BGC_1,64.85995,-163.70358,561451,7193476,2019-06-20,15:41,upland,Opq,2.139,0.007,NA,NA,-0.098,0.009,NA,NA,Pic
Seward_Peninsula,Council,NA,CN_MM71,CN_MM71_BGC,Biogeochemistry,BGC_10,64.85963,-163.69995,561624,7193444,2019-06-20,16:26,upland,Opq,1.6,0.003,NA,NA,-0.658,0.008,NA,NA,Pic
Seward_Peninsula,Council,NA,CN_MM71,CN_MM71_BGC,Biogeochemistry,BGC_11,64.85941,-163.70348,561457,7193416,2019-06-20,16:35,slope,Opq,2.636,0.014,NA,NA,1259.705,13.221,NA,NA,Pic
Seward_Peninsula,Council,NA,CN_MM71,CN_MM71_BGC,Biogeochemistry,BGC_12,64.85974,-163.69836,561699,7193458,2019-06-20,16:46,lowland,Opq,3.432,0.022,NA,NA,11.574,0.126,NA,NA,Pic
Seward_Peninsula,Council,NA,CN_MM71,CN_MM71_BGC,Biogeochemistry,BGC_14,64.86012,-163.69757,561736,7193501,2019-06-20,17:08,upland,Opq,1.365,0.003,NA,NA,-0.916,0.009,NA,NA,Pic
Seward_Peninsula,Council,NA,CN_MM71,CN_MM71_BGC,Biogeochemistry,BGC_15,64.85999,-163.69698,561764,7193487,2019-06-20,17:17,upland,Opq,1.827,0.004,NA,NA,6.234,0.112,NA,NA,Pic
Seward_Peninsula,Council,NA,CN_MM71,CN_MM71_BGC,Biogeochemistry,BGC_16,64.85915,-163.69208,561998,7193398,2019-06-20,18:44,slope,Opq,1.635,0.01,NA,NA,0.069,0.005,NA,NA,Pic
Seward_Peninsula,Council,NA,CN_MM71,CN_MM71_BGC,Biogeochemistry,BGC_17,64.85904,-163.69142,562030,7193386,2019-06-20,18:30,lowland,Opq,1.296,0.011,NA,NA,0.624,0.011,NA,NA,Pic
Seward_Peninsula,Council,NA,CN_MM71,CN_MM71_BGC,Biogeochemistry,BGC_18,64.85911,-163.69101,562049,7193395,2019-06-20,18:25,upland,Opq,1.208,0.007,NA,NA,1.128,0.018,NA,NA,Pic
Seward_Peninsula,Council,NA,CN_MM71,CN_MM71_BGC,Biogeochemistry,BGC_19,64.85921,-163.69075,562061,7193406,2019-06-20,18:08,slope,Opq,2.08,0.036,NA,NA,2.344,0.054,NA,NA,Pic
Seward_Peninsula,Council,NA,CN_MM71,CN_MM71_BGC,Biogeochemistry,BGC_2,64.85983,-163.70351,561455,7193463,2019-06-20,15:45,slope,Opq,2.511,0.033,NA,NA,-0.247,0.012,NA,NA,Pic
Seward_Peninsula,Council,NA,CN_MM71,CN_MM71_BGC,Biogeochemistry,BGC_20,64.85937,-163.69061,562067,7193424,2019-06-20,18:03,lowland,Opq,2.989,0.015,NA,NA,214.257,0.609,NA,NA,Pic
Seward_Peninsula,Council,NA,CN_MM71,CN_MM71_BGC,Biogeochemistry,BGC_3,64.86009,-163.69769,561730,7193497,2019-06-20,15:51,lowland,Opq,1.829,0.006,NA,NA,27.333,0.099,NA,NA,Pic
Seward_Peninsula,Council,NA,CN_MM71,CN_MM71_BGC,Biogeochemistry,BGC_4,64.85978,-163.69829,561702,7193462,2019-06-20,16:03,upland,Opq,5.439,0.006,NA,NA,54.816,0.09,NA,NA,Pic
Seward_Peninsula,Council,NA,CN_MM71,CN_MM71_BGC,Biogeochemistry,BGC_6,64.85941,-163.70335,561464,7193416,2019-06-20,15:58,lowland,Opq,1.239,0.013,NA,NA,-0.179,0.004,NA,NA,Pic
Seward_Peninsula,Council,NA,CN_MM71,CN_MM71_BGC,Biogeochemistry,BGC_9,64.85976,-163.70061,561593,7193458,2019-06-20,16:19,upland,Opq,1.101,0.004,NA,NA,0.1,0.006,NA,NA,Pic
Seward_Peninsula,Council,NA,CN_MM71,CN_MM71_EC,Biogeochemistry,EC_1,64.86172,-163.70102,561569,7193676,2019-06-26,12:51,upland,Trns,-0.87,0.023,NA,NA,0.126,0.024,NA,NA,Pic
Seward_Peninsula,Council,NA,CN_MM71,CN_MM71_EC,Biogeochemistry,EC_2,64.86169,-163.7012,561560,7193672,2019-06-26,12:56,upland,Trns,-1.309,0.041,NA,NA,3.873,0.078,NA,NA,Pic
Seward_Peninsula,Council,NA,CN_MM71,CN_MM71_EC,Biogeochemistry,EC_3,64.86176,-163.70117,561561,7193680,2019-06-26,13:02,lowland,Trns,1.025,0.011,NA,NA,33.175,0.31,NA,NA,Pic
Seward_Peninsula,Council,NA,CN_MM71,CN_MM71_EC,Biogeochemistry,EC_4,64.86176,-163.70157,561543,7193679,2019-06-26,13:55,lowland,Trns,-0.44,0.006,NA,NA,8.193,0.048,NA,NA,Pic
Seward_Peninsula,Council,NA,CN_MM71,CN_MM71_EC,Biogeochemistry,EC_5,64.86208,-163.7016,561540,7193715,2019-06-26,13:16,upland,Trns,-0.761,0.014,NA,NA,4.551,0.322,NA,NA,Pic
Seward_Peninsula,Council,NA,CN_MM71,CN_MM71_EC,Biogeochemistry,EC_6,64.86201,-163.70172,561535,7193707,2019-06-26,13:23,upland,Trns,-0.242,0.014,NA,NA,0.171,0.005,NA,NA,Pic
Seward_Peninsula,Council,NA,CN_MM71,CN_MM71_EC,Biogeochemistry,EC_7,64.86172,-163.70218,561514,7193674,2019-06-26,13:32,upland,Trns,0.043,0.011,NA,NA,2.322,0.017,NA,NA,Pic
Seward_Peninsula,Council,NA,CN_MM71,CN_MM71_EC,Biogeochemistry,EC_8,64.86195,-163.70198,561523,7193700,2019-06-26,13:39,upland,Trns,-1.687,0.088,NA,NA,9.934,0.539,NA,NA,Pic
Seward_Peninsula,Council,NA,CN_MM71,CN_MM71_EC,Biogeochemistry,EC_9,64.861537,-163.702015,561522,7193654,2019-06-26,13:46,lowland,Trns,-0.332,0.015,NA,NA,39.873,0.091,NA,NA,Pic
Seward_Peninsula,Council,NA,CN_MM71,CN_MM71_EC,Biogeochemistry,EC_1,64.86172,-163.70102,561569,7193676,2019-06-26,14:51,upland,Opq,2.83,0.018,NA,NA,0.226,0.006,NA,NA,Pic
Seward_Peninsula,Council,NA,CN_MM71,CN_MM71_EC,Biogeochemistry,EC_2,64.86169,-163.7012,561560,7193672,2019-06-26,14:46,upland,Opq,3.884,0.035,NA,NA,3.872,0.009,NA,NA,Pic
Seward_Peninsula,Council,NA,CN_MM71,CN_MM71_EC,Biogeochemistry,EC_3,64.86176,-163.70117,561561,7193680,2019-06-26,14:58,lowland,Opq,1.084,0.008,NA,NA,11.664,0.087,NA,NA,Pic
Seward_Peninsula,Council,NA,CN_MM71,CN_MM71_EC,Biogeochemistry,EC_4,64.86176,-163.70157,561543,7193679,2019-06-26,14:11,lowland,Opq,1.292,0.005,NA,NA,5.548,0.024,NA,NA,Pic
Seward_Peninsula,Council,NA,CN_MM71,CN_MM71_EC,Biogeochemistry,EC_5,64.86208,-163.7016,561540,7193715,2019-06-26,14:06,upland,Opq,1.701,0.027,NA,NA,268.025,4.29,NA,NA,Pic
Seward_Peninsula,Council,NA,CN_MM71,CN_MM71_EC,Biogeochemistry,EC_6,64.86201,-163.70172,561535,7193707,2019-06-26,14:20,upland,Opq,1.765,0.021,NA,NA,0.058,0.007,NA,NA,Pic
Seward_Peninsula,Council,NA,CN_MM71,CN_MM71_EC,Biogeochemistry,EC_7,64.86172,-163.70218,561514,7193674,2019-06-26,14:30,upland,Opq,1.2,0.01,NA,NA,1.966,0.03,NA,NA,Pic
Seward_Peninsula,Council,NA,CN_MM71,CN_MM71_EC,Biogeochemistry,EC_8,64.86195,-163.70198,561523,7193700,2019-06-26,14:39,upland,Opq,4.688,0.032,NA,NA,9.9,0.04,NA,NA,Pic
Seward_Peninsula,Council,NA,CN_MM71,CN_MM71_EC,Biogeochemistry,EC_9,64.861537,-163.702015,561522,7193654,2019-06-26,14:34,lowland,Opq,1.299,0.009,NA,NA,38.204,0.251,NA,NA,Pic
